"URL","# Link Headers","Link 1","Rel 1","hreflang 1","Link 2","Rel 2","hreflang 2","Link 3","Rel 3","hreflang 3","Link 4","Rel 4","hreflang 4","Link 5","Rel 5","hreflang 5","Link 6","Rel 6","hreflang 6","Link 7","Rel 7","hreflang 7","Link 8","Rel 8","hreflang 8","Link 9","Rel 9","hreflang 9","Link 10","Rel 10","hreflang 10","Link 11","Rel 11","hreflang 11","Link 12","Rel 12","hreflang 12","Link 13","Rel 13","hreflang 13","Link 14","Rel 14","hreflang 14","Link 15","Rel 15","hreflang 15","Link 16","Rel 16","hreflang 16","Link 17","Rel 17","hreflang 17","Link 18","Rel 18","hreflang 18","Link 19","Rel 19","hreflang 19","Link 20","Rel 20","hreflang 20","Link 21","Rel 21","hreflang 21","Link 22","Rel 22","hreflang 22","Link 23","Rel 23","hreflang 23","Link 24","Rel 24","hreflang 24","Link 25","Rel 25","hreflang 25","Link 26","Rel 26","hreflang 26","Link 27","Rel 27","hreflang 27","Link 28","Rel 28","hreflang 28","Link 29","Rel 29","hreflang 29","Link 30","Rel 30","hreflang 30"
"https://convert.files/%20%20%20%20%20%20%20%20%20%20%20%20%20%20%20%20%20%20%20%20%20%20%20%200Redirect%20%20%20%20%20%20%20%20%20%20%20%20%20%20%20%20%20%20%20%20%20%20%20%20%20%20%20%20%20Resolved","0"
"https://pdfalpha.com/%20%20%20%20%20%20%20%20%20%20%20%20%20%20%20%20%20%20%20%20%20%20%20%20%200Redirect%20%20%20%20%20%20%20%20%20%20%20%20%20%20%20%20%20%20%20%20%20%20%20%20%20%20%20%20%20Resolved","0"
"https://epub-converter.com/%20%20%20%20%20%20%20%20%20%20%20%20%20%20%20%20%20%20%200Redirect%20%20%20%20%20%20%20%20%20%20%20%20%20%20%20%20%20%20%20%20%20%20%20%20%20%20%20%20%20Resolved","0"
"https://reddit.com/r/writing%20%20%20%20%20%20%20%20%20%20%20%20%20%20%20%20%200Redirecttext/html%20%20%20%20%20%20%20%20%20%20%20%20%20%20%20%20%20%20403Blocked","0"
"https://qz.com/%20%20%20%20%20%20%20%20%20%20%20%20%20%20%20%20%20%20%20%20%20%20%20%20%20%20%20%20%20%200Redirectcharset=UTF-8%20%20%20%20%20%20%20%20%20%20%20%20%20%20403Forbidden","0"
"https://cloudconvert.com/%20%20%20%20%20%20%20%20%20%20%20%20%20%20%20%20%20%20%20%20%200Redirecttext/html;%20charset=utf-8%20200OK","0"
"https://onlinefontconverter.com/%20%20%20%20%20%20%20%20%20%20%20%20%20%200Redirectcharset=UTF-8%20%20%20%20%20%20%20%20%20%20%20%20%20530%3Cnone%3E","0"
"https://fastcompany.com/%20%20%20%20%20%20%20%20%20%20%20%20%20%20%20%20%20%20%20%20%200Redirecttext/html;charset=utf-8%20%20%20%20403Forbidden","0"
"https://online-audio-converter.com/%20%20%20%20%20%20%20%20%20%20%200Redirectcharset=UTF-8%20%20%20%20%20%20%20%20%20%20%20%20%20200OK","0"
"https://y2mate.is/%20%20%20%20%20%20%20%20%20%20%20%20%20%20%20%20%20%20%20%20%20%20%20%20%20%20%20%201Redirecttext/html;%20charset=utf-8%20301Permanently%20%20%20%20%20https://en1.y2mate.is/x213/","0"
"https://smallpdf.com/%20%20%20%20%20%20%20%20%20%20%20%20%20%20%20%20%20%20%20%20%20%20%20%20%200Redirecttext/html;%20charset=utf-8%20200OK","0"
"https://inc.com/%20%20%20%20%20%20%20%20%20%20%20%20%20%20%20%20%20%20%20%20%20%20%20%20%20%20%20%20%200Redirecttext/html;charset=utf-8%20%20%20%20403Forbidden","0"
"https://pdfresizer.com/%20%20%20%20%20%20%20%20%20%20%20%20%20%20%20%20%20%20%20%20%20%20%200Redirectcharset=UTF-8%20%20%20%20%20%20%20%20%20%20%20%20%20200OK","0"
"https://convertio.co/%20%20%20%20%20%20%20%20%20%20%20%20%20%20%20%20%20%20%20%20%20%20%20%20%200Redirectcharset=UTF-8%20%20%20%20%20%20%20%20%20%20%20%20%20200OK","0"
"https://google.com/%20%20%20%20%20%20%20%20%20%20%20%20%20%20%20%20%20%20%20%20%20%20%20%20%20%20%201Redirectcharset=UTF-8%20%20%20%20%20%20%20%20%20%20%20%20%20301Permanently%20%20%20%20https://www.google.com/","0"
"https://gchq.github.io/CyberChef%20%20%20%20%20%20%20%20%20%20%20%20%201Redirecttext/html%20%20%20%20%20%20%20%20%20%20%20%20%20%20%20%20%20%20301Permanently%20%20%20%20https://gchq.github.io/CyberChef/","0"
"https://search.brave.com/%20%20%20%20%20%20%20%20%20%20%20%20%20%20%20%20%20%20%20%20%200Redirecttext/html;%20charset=utf-8%20200OK","0"
"https://searx.space/%20%20%20%20%20%20%20%20%20%20%20%20%20%20%20%20%20%20%20%20%20%20%20%20%20%200Redirecttext/html;%20charset=utf-8%20200OK","0"
"https://tools.pdf24.org/%20%20%20%20%20%20%20%20%20%20%20%20%20%20%20%20%20%20%20%20%20%201Redirectcharset=UTF-8%20%20%20%20%20%20%20%20%20%20%20%20%20301Permanently%20%20%20%20https://tools.pdf24.org/en/","0"
"https://tools.pdf24.org/en/%20%20%20%20%20%20%20%20%20%20%20%20%20%20%20%20%20%20%20%20%20%201Redirectcharset=UTF-8%20%20%20%20%20%20%20%20%20%20%20%20%20301Permanently%20%20%20%20https:/tools.pdf24.org/en/","0"
"https://ezgif.com/%20%20%20%20%20%20%20%20%20%20%20%20%20%20%20%20%20%20%20%20%20%20%20%20%20%20%20%200Redirectcharset=UTF-8%20%20%20%20%20%20%20%20%20%20%20%20%20200OK","0"
"https://ezgif.com/","0"
"https://pdfaid.com/%20%20%20%20%20%20%20%20%20%20%20%20%20%20%20%20%20%20%20%20%20%20%20%20%20%200Redirecttext/html;%20charset=utf-8%20%20%20200OK","0"
"https://transfonter.org/%20%20%20%20%20%20%20%20%20%20%20%20%20%20%20%20%20%20%20%20%20%200Redirectcharset=UTF-8%20%20%20%20%20%20%20%20%20%20%20%20%20200OK","0"
"https://video-converter.com/%20%20%20%20%20%20%20%20%20%20%20%20%20%20%20%20%20%200Redirectcharset=UTF-8%20%20%20%20%20%20%20%20%20%20%20%20%20200OK","0"
"https://flipboard.com/%20%20%20%20%20%20%20%20%20%20%20%20%20%20%20%20%20%20%20%20%20%20%200Redirecttext/html%20%20%20%20%20%20%20%20%20%20%20%20%20%20%20%20%20%20403Forbidden","0"
"https://sqlizer.io/%20%20%20%20%20%20%20%20%20%20%20%20%20%20%20%20%20%20%20%20%20%20%20%20%20%20%200Redirect%20%20%20%20%20%20%20%20%20%20%20%20%20%20%20%20%20%20%20%20%20%20%20%20%20%20%20%20%20Resolved","0"
"https://medium.com/topics%20%20%20%20%20%20%20%20%20%20%20%20%20%20%20%20%20%20%20%200Redirectcharset=UTF-8%20%20%20%20%20%20%20%20%20%20%20%20%20%20403Forbidden","0"
"https://level.medium.com/%20%20%20%20%20%20%20%20%20%20%20%20%20%20%20%20%20%20%20%200Redirectcharset=UTF-8%20%20%20%20%20%20%20%20%20%20%20%20%20%20403Forbidden","0"
"https://pdf.io/%20%20%20%20%20%20%20%20%20%20%20%20%20%20%20%20%20%20%20%20%20%20%20%20%20%20%20%20%20%20%200Redirectcharset=UTF-8%20%20%20%20%20%20%20%20%20%20%20%20%20200OK","0"
"https://sejda.com/%20%20%20%20%20%20%20%20%20%20%20%20%20%20%20%20%20%20%20%20%20%20%20%20%20%20%20%201Redirect%20%20%20%20%20%20%20%20%20%20%20%20%20%20%20%20%20%20%20%20%20%20%20%20%20%20301Permanently%20%20%20%20https://www.sejda.com/","0"
"https://www.sejda.com/%20%20%20%20%20%20%20%20%20%20%20%20%20%20%20%20%20%20%20%20%20%20%20%20%20%20%20%201Redirect%20%20%20%20%20%20%20%20%20%20%20%20%20%20%20%20%20%20%20%20%20%20%20%20%20%20301Permanently%20%20%20%20https:/www.sejda.com/","0"
"https://yandex.com/%20%20%20%20%20%20%20%20%20%20%20%20%20%20%20%20%20%20%20%20%20%20%20%20%20%20%200Redirectcharset=UTF-8%20%20%20%20%20%20%20%20%20%20%20%20%20200Ok","0"
"https://freefileconvert.com/%20%20%20%20%20%20%20%20%20%20%20%20%20%20%20%20%20%200Redirectcharset=UTF-8%20%20%20%20%20%20%20%20%20%20%20%20%20200OK","0"
"https://sodapdf.com/%20%20%20%20%20%20%20%20%20%20%20%20%20%20%20%20%20%20%20%20%20%20%20%20%201Redirect%20%20%20%20%20%20%20%20%20%20%20%20%20%20%20%20%20%20%20%20%20%20%20%20%20%20%20301Permanently%20%20%20%20https://www.sodapdf.com/","0"
"https://www.sodapdf.com/%20%20%20%20%20%20%20%20%20%20%20%20%20%20%20%20%20%20%20%20%20%20%20%20%201Redirect%20%20%20%20%20%20%20%20%20%20%20%20%20%20%20%20%20%20%20%20%20%20%20%20%20%20%20301Permanently%20%20%20%20https:/www.sodapdf.com/","0"
"https://convert-video-online.com/%20%20%20%20%20%20%20%20%20%20%20%20%201Redirect%20%20%20%20%20%20%20%20%20%20%20%20%20%20%20%20%20%20%20%20%20%20%20%20%20%20301Permanently%20%20%20%20https://video-converter.com/","0"
"https://video-converter.com/%20%20%20%20%20%20%20%20%20%20%20%20%201Redirect%20%20%20%20%20%20%20%20%20%20%20%20%20%20%20%20%20%20%20%20%20%20%20%20%20%20301Permanently%20%20%20%20https:/video-converter.com/","0"
"https://hashnode.com/%20%20%20%20%20%20%20%20%20%20%20%20%20%20%20%20%20%20%20%20%20%20%20%200Redirecttext/html;%20charset=utf-8%20%20%20200OK","3","https://hashnode.com/_next/static/chunks/5aa6e52e0dd7aea2.css","preload","","https://hashnode.com/_next/static/chunks/39c65b9ff246101f.css","preload","","https://hashnode.com/_next/static/chunks/fb71103392e680ad.css","preload",""
"https://vox.com/%20%20%20%20%20%20%20%20%20%20%20%20%20%20%20%20%20%20%20%20%20%20%20%20%20%20%20%20%201Redirect%20%20%20%20%20%20%20%20%20%20%20%20%20%20%20%20%20%20%20%20%20%20%20%20%20%20%20301Permanently%20%20%20%20https://www.vox.com/","0"
"https://www.vox.com/%20%20%20%20%20%20%20%20%20%20%20%20%20%20%20%20%20%20%20%20%20%20%20%20%20%20%20%20%201Redirect%20%20%20%20%20%20%20%20%20%20%20%20%20%20%20%20%20%20%20%20%20%20%20%20%20%20%20301Permanently%20%20%20%20https://www.vox.com/","0"
"https://iloveimg.com/%20%20%20%20%20%20%20%20%20%20%20%20%20%20%20%20%20%20%20%20%20%20%20%20%201Redirecttext/html%20%20%20%20%20%20%20%20%20%20%20%20%20%20%20%20%20301Permanently%20%20%20%20https://www.iloveimg.com/","0"
"https://www.iloveimg.com/%20%20%20%20%20%20%20%20%20%20%20%20%20%20%20%20%20%20%20%20%20%20%20%20%201Redirecttext/html%20%20%20%20%20%20%20%20%20%20%20%20%20%20%20%20%20301Permanently%20%20%20%20https://www.iloveimg.com/","0"
"https://www.iloveimg.com/%20%20%20%20%20%20%20%20%20%20%20%20%20%20%20%20%20%20%20%20%20%20%20%20%201Redirecttext/html%20%20%20%20%20%20%20%20%20%20%20%20%20%20%20%20%20301Permanently%20%20%20%20https:/www.iloveimg.com","0"
"https://duckduckgo.com/%20%20%20%20%20%20%20%20%20%20%20%20%20%20%20%20%20%20%20%20%20%20%200Redirectcharset=UTF-8%20%20%20%20%20%20%20%20%20%20%20%20%20200OK","0"
"https://duckduckgo.com/?q=%20%20%20%20%20%20%20%20%20%20%20%20%20%20%20%20%20%20%20%20%20%20%200Redirectcharset=UTF-8%20%20%20%20%20%20%20%20%20%20%20%20%20200OK&&rpl=1","0"
"https://anyconv.com/%20%20%20%20%20%20%20%20%20%20%20%20%20%20%20%20%20%20%20%20%20%20%20%20%20%200Redirectcharset=UTF-8%20%20%20%20%20%20%20%20%20%20%20%20%20200OK","0"
"https://anyconv.com/                          0Redirectcharset=UTF-8             200OK/","0"
"https://theverge.com/%20%20%20%20%20%20%20%20%20%20%20%20%20%20%20%20%20%20%20%20%20%20%20%201Redirect%20%20%20%20%20%20%20%20%20%20%20%20%20%20%20%20%20%20%20%20%20%20%20%20%20%20%20301Permanently%20%20%20%20https://www.theverge.com/","0"
"https://www.theverge.com/%20%20%20%20%20%20%20%20%20%20%20%20%20%20%20%20%20%20%20%20%20%20%20%201Redirect%20%20%20%20%20%20%20%20%20%20%20%20%20%20%20%20%20%20%20%20%20%20%20%20%20%20%20301Permanently%20%20%20%20https://www.theverge.com/","0"
"https://qwant.com/%20%20%20%20%20%20%20%20%20%20%20%20%20%20%20%20%20%20%20%20%20%20%20%20%20%20%20%201Redirecttext/html%20%20%20%20%20%20%20%20%20%20%20%20%20%20%20%20%20302Temporarily%20%20%20%20https://www.qwant.com/","0"
"https://www.qwant.com/","0"
"https://3d-convert.com/%20%20%20%20%20%20%20%20%20%20%20%20%20%20%20%20%20%20%20%20%20%202Chain%20text/html%20%20%20%20%20%20%20%20%20%20%20%20%20%20%20%20%20%20%20%20301Permanently%20%20%20%20http://3d-convert.com/en/","0"
"http://3d-convert.com/en/                      2Chain text/html                    301Permanently    http:/3d-convert.com/en/","0"
"https://3d-convert.com/en/%20%20%20%20%20%20%20%20%20%20%20%20%20%20%20%20%20%20%20%20%20%202Chain%20text/html%20%20%20%20%20%20%20%20%20%20%20%20%20%20%20%20%20%20%20%20301Permanently%20%20%20%20http:/3d-convert.com/en/","0"
"https://meet.jit.si/%20%20%20%20%20%20%20%20%20%20%20%20%20%20%20%20%20%20%20%20%20%20%20%20%20%20%20%20%20%20%20%20%200Redirecttext/html%20%20%20%20%20%20%20%20%20%20%20%20%20%20%20%20%20%20200OK","0"
"https://pdfpro.com/%20%20%20%20%20%20%20%20%20%20%20%20%20%20%20%20%20%20%20%20%20%20%20%20%20%20%200Redirecttext/html;%20charset=utf-8%20200OK","9","https://pdfpro.com/%20%20%20%20%20%20%20%20%20%20%20%20%20%20%20%20%20%20%20%20%20%20%20%20%20%20%200Redirecttext/html;%20charset=utf-8%20200OK","alternate","[en]","https://pdfpro.com/nl/%20%20%20%20%20%20%20%20%20%20%20%20%20%20%20%20%20%20%20%20%20%20%20%20%20%20%200Redirecttext/html;%20charset=utf-8%20200OK","alternate","[nl]","https://pdfpro.com/fr/%20%20%20%20%20%20%20%20%20%20%20%20%20%20%20%20%20%20%20%20%20%20%20%20%20%20%200Redirecttext/html;%20charset=utf-8%20200OK","alternate","[fr]","https://pdfpro.com/de/%20%20%20%20%20%20%20%20%20%20%20%20%20%20%20%20%20%20%20%20%20%20%20%20%20%20%200Redirecttext/html;%20charset=utf-8%20200OK","alternate","[de]","https://pdfpro.com/it/%20%20%20%20%20%20%20%20%20%20%20%20%20%20%20%20%20%20%20%20%20%20%20%20%20%20%200Redirecttext/html;%20charset=utf-8%20200OK","alternate","[it]","https://pdfpro.com/pt-br/%20%20%20%20%20%20%20%20%20%20%20%20%20%20%20%20%20%20%20%20%20%20%20%20%20%20%200Redirecttext/html;%20charset=utf-8%20200OK","alternate","[pt-br]","https://pdfpro.com/es/%20%20%20%20%20%20%20%20%20%20%20%20%20%20%20%20%20%20%20%20%20%20%20%20%20%20%200Redirecttext/html;%20charset=utf-8%20200OK","alternate","[es]","https://pdfpro.com/sv/%20%20%20%20%20%20%20%20%20%20%20%20%20%20%20%20%20%20%20%20%20%20%20%20%20%20%200Redirecttext/html;%20charset=utf-8%20200OK","alternate","[sv]","https://pdfpro.com/%20%20%20%20%20%20%20%20%20%20%20%20%20%20%20%20%20%20%20%20%20%20%20%20%20%20%200Redirecttext/html;%20charset=utf-8%20200OK","alternate","[x-default]"
"https://wiby.me/%20%20%20%20%20%20%20%20%20%20%20%20%20%20%20%20%20%20%20%20%20%20%20%20%20%20%20%20%20%200Redirecttext/html;%20charset=utf-8%20200OK","0"
"https://office-converter.com/%20%20%20%20%20%20%20%20%20%20%20%20%20%20%20%20%201Redirect%20%20%20%20%20%20%20%20%20%20%20%20%20%20%20%20%20%20%20%20%20%20%20%20%20%20301Permanently%20%20%20%20https://www.office-converter.com/","0"
"https://www.office-converter.com/%20%20%20%20%20%20%20%20%20%20%20%20%20%20%20%20%201Redirect%20%20%20%20%20%20%20%20%20%20%20%20%20%20%20%20%20%20%20%20%20%20%20%20%20%20301Permanently%20%20%20%20https:/www.office-converter.com/","0"
"https://hackernoon.com/%20%20%20%20%20%20%20%20%20%20%20%20%20%20%20%20%20%20%20%20%20%20%20%20%20%20%20%20%20%200Redirecttext/html;%20charset=utf-8%20%20%20200OK","0"
"https://betterhumans.pub/%20%20%20%20%20%20%20%20%20%20%20%20%20%20%20%20%20%20%20%20%20%20%20%20%20%20%20%200Redirectcharset=UTF-8%20%20%20%20%20%20%20%20%20%20%20%20%20%20403Forbidden","0"
"https://aeon.co/%20%20%20%20%20%20%20%20%20%20%20%20%20%20%20%20%20%20%20%20%20%20%20%20%20%20%20%20%20%20%20%20%20%20%20%20%200Redirecttext/html;%20charset=utf-8%20%20%20429Requests","0"
"https://pdf2go.com/%20%20%20%20%20%20%20%20%20%20%20%20%20%20%20%20%20%20%20%20%20%20%20%20%20%201Redirect%20%20%20%20%20%20%20%20%20%20%20%20%20%20%20%20%20%20%20%20%20%20%20%20%20%20%20301Permanently%20%20%20%20https://www.pdf2go.com/","0"
"https://www.pdf2go.com/%20%20%20%20%20%20%20%20%20%20%20%20%20%20%20%20%20%20%20%20%20%20%20%20%20%201Redirect%20%20%20%20%20%20%20%20%20%20%20%20%20%20%20%20%20%20%20%20%20%20%20%20%20%20%20301Permanently%20%20%20%20https:/www.pdf2go.com/","0"
"https://substack.com/%20%20%20%20%20%20%20%20%20%20%20%20%20%20%20%20%20%20%20%20%20%20%20%20%20%20%20%20%20%20%20%200Redirecttext/html;%20charset=utf-8%20%20%20200OK","0"
"https://ocr2edit.com/%20%20%20%20%20%20%20%20%20%20%20%20%20%20%20%20%20%20%20%20%20%20%20%20%201Redirect%20%20%20%20%20%20%20%20%20%20%20%20%20%20%20%20%20%20%20%20%20%20%20%20%20%20301Permanently%20%20%20%20https://www.ocr2edit.com/","0"
"https://www.ocr2edit.com/%20%20%20%20%20%20%20%20%20%20%20%20%20%20%20%20%20%20%20%20%20%20%20%20%201Redirect%20%20%20%20%20%20%20%20%20%20%20%20%20%20%20%20%20%20%20%20%20%20%20%20%20%20301Permanently%20%20%20%20https:/www.ocr2edit.com/","0"
"https://imageonline.co/%20%20%20%20%20%20%20%20%20%20%20%20%20%20%20%20%20%20%20%20%20%20%200Redirectcharset=UTF-8%20%20%20%20%20%20%20%20%20%20%20%20%20200OK","0"
"https://wetransfer.com/%20%20%20%20%20%20%20%20%20%20%20%20%20%20%20%20%20%20%20%20%20%20%20%20%20%20%20%20%20%200Redirecttext/html;%20charset=utf-8%20%20%20200OK","0"
"https://formswift.com/%20%20%20%20%20%20%20%20%20%20%20%20%20%20%20%20%20%20%20%20%20%20%20%20%20%20%20%20%20%20%200Redirecttext/html;%20charset=utf-8%20%20%20200OK","0"
"https://towardsdatascience.com/%20%20%20%20%20%20%20%20%20%20%20%20%20%20%20%20%20%20%20%20%20%200Redirectcharset=UTF-8%20%20%20%20%20%20%20%20%20%20%20%20%20%20200OK","1","https://towardsdatascience.com/wp-json/","https://api.w.org/",""
"https://online-convert.com/%20%20%20%20%20%20%20%20%20%20%20%20%20%20%20%20%20%20%201Redirect%20%20%20%20%20%20%20%20%20%20%20%20%20%20%20%20%20%20%20%20%20%20%20%20%20%20301Permanently%20%20%20%20https://www.online-convert.com/","0"
"https://www.online-convert.com/%20%20%20%20%20%20%20%20%20%20%20%20%20%20%20%20%20%20%201Redirect%20%20%20%20%20%20%20%20%20%20%20%20%20%20%20%20%20%20%20%20%20%20%20%20%20%20301Permanently%20%20%20%20https:/www.online-convert.com/","0"
"https://www.online-convert.com/%20%20%20%20%20%20%20%20%20%20%20%20%20%20%20%20%20%20%201redirect%20%20%20%20%20%20%20%20%20%20%20%20%20%20%20%20%20%20%20%20%20%20%20%20%20%20301permanently%20%20%20%20https:/www.online-convert.com/","0"
"https://avepdf.com/%20%20%20%20%20%20%20%20%20%20%20%20%20%20%20%20%20%20%20%20%20%20%20%20%20%20%200Redirecttext/html%20%20%20%20%20%20%20%20%20%20%20%20%20%20%20%20%20200OK","0"
"https://ilovepdf.com/%20%20%20%20%20%20%20%20%20%20%20%20%20%20%20%20%20%20%20%20%20%20%20%20%201Redirecttext/html%20%20%20%20%20%20%20%20%20%20%20%20%20%20%20%20%20301Permanently%20%20%20%20https://www.ilovepdf.com/","0"
"https://www.ilovepdf.com/%20%20%20%20%20%20%20%20%20%20%20%20%20%20%20%20%20%20%20%20%20%20%20%20%201Redirecttext/html%20%20%20%20%20%20%20%20%20%20%20%20%20%20%20%20%20301Permanently%20%20%20%20https://www.ilovepdf.com/","0"
"https://www.ilovepdf.com/%20%20%20%20%20%20%20%20%20%20%20%20%20%20%20%20%20%20%20%20%20%20%20%20%201Redirecttext/html%20%20%20%20%20%20%20%20%20%20%20%20%20%20%20%20%20301Permanently%20%20%20%20https:/www.ilovepdf.com","0"
"https://signal.org/%20%20%20%20%20%20%20%20%20%20%20%20%20%20%20%20%20%20%20%20%20%20%20%20%20%20%20%20%20%20%20%20%20%200Redirecttext/html;%20charset=utf-8%20%20%20200OK","0"
"https://docupub.com/%20%20%20%20%20%20%20%20%20%20%20%20%20%20%20%20%20%20%20%20%20%20%20%20%201Redirecttext/html%20%20%20%20%20%20%20%20%20%20%20%20%20%20%20%20%20%20302Object%20moved%20%20%20https://docupub.com/pdfconvert/","0"
"https://deftpdf.com/%20%20%20%20%20%20%20%20%20%20%20%20%20%20%20%20%20%20%20%20%20%20%20%20%20%20%20%20%20%20%20%20%200Redirecttext/html;%20charset=utf-8%20%20%20200OK","0"
"https://lifehacker.com/%20%20%20%20%20%20%20%20%20%20%20%20%20%20%20%20%20%20%20%20%20%200Redirectcharset=UTF-8%20%20%20%20%20%20%20%20%20%20%20%20%20%20200OK","0"
"https://svgtopng.com/%20%20%20%20%20%20%20%20%20%20%20%20%20%20%20%20%20%20%20%20%20%20%20%20%20%20%20%20%20%20%20%200Redirecttext/html;%20charset=utf-8%20%20%20200OK","0"
"https://discord.com/%20%20%20%20%20%20%20%20%20%20%20%20%20%20%20%20%20%20%20%20%20%20%20%20%20%20%20%20%20%20%20%20%200Redirecttext/html;%20charset=utf-8%20%20%20200OK","0"
"https://cryptpad.fr/%20%20%20%20%20%20%20%20%20%20%20%20%20%20%20%20%20%20%20%20%20%20%20%20%20%20%20%20%20%20%20%20%200Redirecttext/html;%20charset=utf-8%20%20%20200OK","0"
"https://cleverpdf.com/%20%20%20%20%20%20%20%20%20%20%20%20%20%20%20%20%20%20%20%20%20%20%20%20%20%20%20%20%20%20%201Redirect%20%20%20%20%20%20%20%20%20%20%20%20%20%20%20%20%20%20%20%20%20%20%20%20%20%20%20301Permanently%20%20%20https://www.cleverpdf.com/","0"
"https://www.cleverpdf.com/%20%20%20%20%20%20%20%20%20%20%20%20%20%20%20%20%20%20%20%20%20%20%20%20%20%20%20%20%20%20%201Redirect%20%20%20%20%20%20%20%20%20%20%20%20%20%20%20%20%20%20%20%20%20%20%20%20%20%20%20301Permanently%20%20%20https:/www.cleverpdf.com/","0"
"https://www.cleverpdf.com/%20%20%20%20%20%20%20%20%20%20%20%20%20%20%20%20%20%20%20%20%20%20%20%20%20%20%20%20%20%20%201Redirect%20%20%20%20%20%20%20%20%20%20%20%20%20%20%20%20%20%20%20%20%20%20%20%20%20%20%20301Permanently%20%20%20https:/www.cleverpdf.com","0"
"https://freeconvert.com/%20%20%20%20%20%20%20%20%20%20%20%20%20%20%20%20%20%20%20%20%20%201Redirect%20%20%20%20%20%20%20%20%20%20%20%20%20%20%20%20%20%20%20%20%20%20%20%20%20%20301Permanently%20%20%20%20https://www.freeconvert.com/","0"
"https://www.freeconvert.com/%20%20%20%20%20%20%20%20%20%20%20%20%20%20%20%20%20%20%20%20%20%201Redirect%20%20%20%20%20%20%20%20%20%20%20%20%20%20%20%20%20%20%20%20%20%20%20%20%20%20301Permanently%20%20%20%20https:/www.freeconvert.com/","0"
"https://streamable.com/%20%20%20%20%20%20%20%20%20%20%20%20%20%20%20%20%20%20%20%20%20%20%20%20%20%20%20%20%20%200Redirecttext/html;%20charset=utf-8%20%20%20200OK","0"
"https://notion.so/%20%20%20%20%20%20%20%20%20%20%20%20%20%20%20%20%20%20%20%20%20%20%20%20%20%20%20%20%20%20%20%20%20%20%201Redirecttext/html%20%20%20%20%20%20%20%20%20%20%20%20%20%20%20%20%20%20301Permanently%20%20%20https://www.notion.so/","0"
"https://www.notion.so/%20%20%20%20%20%20%20%20%20%20%20%20%20%20%20%20%20%20%20%20%20%20%20%20%20%20%20%20%20%20%20%20%20%20%201Redirecttext/html%20%20%20%20%20%20%20%20%20%20%20%20%20%20%20%20%20%20301Permanently%20%20%20https:/www.notion.so/","0"
"https://onlineconvertfree.com/%20%20%20%20%20%20%20%20%20%20%20%20%20%20%20%200Redirecttext/html;%20charset=utf-8%20200OK","0"
"https://onlineconvertfree.com/%20%20%20%20%20%20%20%20%20%20%20%20%20%20%20%200Redirecttext/html;%20charset=utf-8%20200OK/","0"
"https://mega.nz/%20%20%20%20%20%20%20%20%20%20%20%20%20%20%20%20%20%20%20%20%20%20%20%20%20%20%20%20%20%20%20%20%20%20%20%20%200Redirecttext/html%20%20%20%20%20%20%20%20%20%20%20%20%20%20%20%20%20%20200OK","0"
"https://proton.me/%20%20%20%20%20%20%20%20%20%20%20%20%20%20%20%20%20%20%20%20%20%20%20%20%20%20%20%20%20%20%20%20%20%20%200Redirecttext/html;%20charset=utf-8%20%20%20200OK","0"
"https://theatlantic.com/%20%20%20%20%20%20%20%20%20%20%20%20%20%20%20%20%20%20%20%20%20%20%20%20%20%20%20%20%202Chain%20%20%20%20%20%20%20%20%20%20%20%20%20%20%20%20%20%20%20%20%20%20%20%20%20%20%20%20%20%20301Permanently%20%20%20https://www.theatlantic.com/","0"
"https://www.theatlantic.com/%20%20%20%20%20%20%20%20%20%20%20%20%20%20%20%20%20%20%20%20%20%20%20%20%20%20%20%20%202Chain%20%20%20%20%20%20%20%20%20%20%20%20%20%20%20%20%20%20%20%20%20%20%20%20%20%20%20%20%20%20301Permanently%20%20%20https://www.theatlantic.com/","0"
"https://dev.to/%20%20%20%20%20%20%20%20%20%20%20%20%20%20%20%20%20%20%20%20%20%20%20%20%20%20%20%20%20%20%20%20%20%20%20%20%20%200Redirecttext/html;%20charset=utf-8%20%20%20200OK","0"
"https://trello.com/%20%20%20%20%20%20%20%20%20%20%20%20%20%20%20%20%20%20%20%20%20%20%20%20%20%20%20%20%20%20%20%20%20%200Redirecttext/html;%20charset=utf-8%20%20%20200OK","0"
"https://canva.com/%20%20%20%20%20%20%20%20%20%20%20%20%20%20%20%20%20%20%20%20%20%20%20%20%20%20%20%20%20%20%20%20%20%20%201Redirect%20%20%20%20%20%20%20%20%20%20%20%20%20%20%20%20%20%20%20%20%20%20%20%20%20%20%20301Permanently%20%20%20https://www.canva.com/","0"
"https://www.canva.com/%20%20%20%20%20%20%20%20%20%20%20%20%20%20%20%20%20%20%20%20%20%20%20%20%20%20%20%20%20%20%20%20%20%20%201Redirect%20%20%20%20%20%20%20%20%20%20%20%20%20%20%20%20%20%20%20%20%20%20%20%20%20%20%20301Permanently%20%20%20https://www.canva.com/","0"
"https://search.marginalia.nu/%20%20%20%20%20%20%20%20%20%20%20%20%20%20%20%201Redirecttext/html%20%20%20%20%20%20%20%20%20%20%20%20%20%20%20%20%20%20302Temporarily%20%20%20%20https://marginalia-search.com/","0"
"https://marginalia-search.com/%20%20%20%20%20%20%20%20%20%20%20%20%20%20%20%201Redirecttext/html%20%20%20%20%20%20%20%20%20%20%20%20%20%20%20%20%20%20302Temporarily%20%20%20%20https:/marginalia-search.com/","0"
"https://ps2pdf.com/%20%20%20%20%20%20%20%20%20%20%20%20%20%20%20%20%20%20%20%20%20%20%20%20%20%201Redirect%20%20%20%20%20%20%20%20%20%20%20%20%20%20%20%20%20%20%20%20%20%20%20%20%20%20%20301Permanently%20%20%20%20https://www.xconvert.com/","0"
"https://www.xconvert.com/%20%20%20%20%20%20%20%20%20%20%20%20%20%20%20%20%20%20%20%20%20%20%20%20%20%201Redirect%20%20%20%20%20%20%20%20%20%20%20%20%20%20%20%20%20%20%20%20%20%20%20%20%20%20%20301Permanently%20%20%20%20https:/www.xconvert.com/","0"
"http://www.xconvert.com/                          1Redirect                           301Permanently    https:/www.xconvert.com","0"
"https://www.xconvert.com/%20%20%20%20%20%20%20%20%20%20%20%20%20%20%20%20%20%20%20%20%20%20%20%20%20%201Redirect%20%20%20%20%20%20%20%20%20%20%20%20%20%20%20%20%20%20%20%20%20%20%20%20%20%20%20301Permanently%20%20%20%20https:/www.xconvert.com","0"
"https://lightpdf.com/%20%20%20%20%20%20%20%20%20%20%20%20%20%20%20%20%20%20%20%20%20%20%20%20%20%20%20%20%20%20%20%200Redirecttext/html;%20charset=utf8%20%20%20%20200OK","0"
"https://csvjson.com/csv2json%20%20%20%20%20%20%20%20%20%20%20%20%20%20%20%20%20%20%20%20%20%20%20%20%200Redirectcharset=UTF-8%20%20%20%20%20%20%20%20%20%20%20%20%20%20200OK","0"
"https://clockify.me/%20%20%20%20%20%20%20%20%20%20%20%20%20%20%20%20%20%20%20%20%20%20%20%20%20%20%20%20%20%20%20%20%200Redirecttext/html%20%20%20%20%20%20%20%20%20%20%20%20%20%20%20%20%20%20200OK","0"
"https://meshconvert.com/%20%20%20%20%20%20%20%20%20%20%20%20%20%20%20%20%20%20%20%20%20%20%20%20%20%20%20%20%201Redirect8859-1%20%20%20%20%20%20%20%20%20%20%20%20%20%20%20%20%20%20%20%20%20301Permanently%20%20%20https://www.meshconvert.com/","0"
"https://www.meshconvert.com/%20%20%20%20%20%20%20%20%20%20%20%20%20%20%20%20%20%20%20%20%20%20%20%20%20%20%20%20%201Redirect8859-1%20%20%20%20%20%20%20%20%20%20%20%20%20%20%20%20%20%20%20%20%20301Permanently%20%20%20https:/www.meshconvert.com/","0"
"https://png.to/%20%20%20%20%20%20%20%20%20%20%20%20%20%20%20%20%20%20%20%20%20%20%20%20%20%20%20%20%20%201Redirecttext/html%20%20%20%20%20%20%20%20%20%20%20%20%20%20%20%20%20%20301Permanently%20%20%20%20https://www.png.to/","0"
"https://www.png.to/%20%20%20%20%20%20%20%20%20%20%20%20%20%20%20%20%20%20%20%20%20%20%20%20%20%20%20%20%20%201Redirecttext/html%20%20%20%20%20%20%20%20%20%20%20%20%20%20%20%20%20%20301Permanently%20%20%20%20https://www.png.to/","0"
"https://simplelogin.io/%20%20%20%20%20%20%20%20%20%20%20%20%20%20%20%20%20%20%20%20%20%20%20%20%20%20%20%20%20%200Redirecttext/html%20%20%20%20%20%20%20%20%20%20%20%20%20%20%20%20%20%20200OK","0"
"https://theconversation.com/%20%20%20%20%20%20%20%20%20%20%20%20%20%20%20%20%20%20%20%20%20%20%20%20%201Redirecttext/html;%20charset=utf-8%20%20%20302Found%20%20%20%20%20%20%20%20%20https://theconversation.com/europe","0"
"https://element.io/%20%20%20%20%20%20%20%20%20%20%20%20%20%20%20%20%20%20%20%20%20%20%20%20%20%20%20%20%20%20%20%20%20%200Redirecttext/html;%20charset=utf-8%20%20%20200OK","0"
"https://coolutils.com/online%20%20%20%20%20%20%20%20%20%20%20%20%20%20%20%20%20%20%20%20%20%20%20%20%203Chain%208859-1%20%20%20%20%20%20%20%20%20%20%20%20%20%20%20%20%20%20%20%20%20%20%20301Permanently%20%20%20http://coolutils.com/online/","0"
"https://scribd.com/%20%20%20%20%20%20%20%20%20%20%20%20%20%20%20%20%20%20%20%20%20%20%20%20%20%20%20%20%20%20%20%20%20%201Redirect%20%20%20%20%20%20%20%20%20%20%20%20%20%20%20%20%20%20%20%20%20%20%20%20%20%20%20302Found%20%20%20%20%20%20%20%20%20https://www.scribd.com/","0"
"https://www.scribd.com/%20%20%20%20%20%20%20%20%20%20%20%20%20%20%20%20%20%20%20%20%20%20%20%20%20%20%20%20%20%20%20%20%20%201Redirect%20%20%20%20%20%20%20%20%20%20%20%20%20%20%20%20%20%20%20%20%20%20%20%20%20%20%20302Found%20%20%20%20%20%20%20%20%20https://www.scribd.com/","0"
"https://www.scribd.com/%20%20%20%20%20%20%20%20%20%20%20%20%20%20%20%20%20%20%20%20%20%20%20%20%20%20%20%20%20%20%20%20%20%201Redirect%20%20%20%20%20%20%20%20%20%20%20%20%20%20%20%20%20%20%20%20%20%20%20%20%20%20%20302Found%20%20%20%20%20%20%20%20%20https:/www.scribd.com","0"
"https://raindrop.io/%20%20%20%20%20%20%20%20%20%20%20%20%20%20%20%20%20%20%20%20%20%20%20%20%20%20%20%20%20%20%20%20%200Redirecttext/html;%20charset=utf-8%20%20%20200OK","0"
"https://mashable.com/%20%20%20%20%20%20%20%20%20%20%20%20%20%20%20%20%20%20%20%20%20%20%20%200Redirectcharset=UTF-8%20%20%20%20%20%20%20%20%20%20%20%20%20%20200OK","0"
"https://mashable.com/%20%20%20%20%20%20%20%20%20%20%20%20%20%20%20%20%20%20%20%20%20%20%20%200redirectcharset=utf-8%20%20%20%20%20%20%20%20%20%20%20%20%20%20200ok","0"
"https://box.com/%20%20%20%20%20%20%20%20%20%20%20%20%20%20%20%20%20%20%20%20%20%20%20%20%20%20%20%20%20%20%20%20%20%20%20%20%201Redirectcharset=UTF-8%20%20%20%20%20%20%20%20%20%20%20%20%20%20301Permanently%20%20%20https://www.box.com/","0"
"https://www.box.com/%20%20%20%20%20%20%20%20%20%20%20%20%20%20%20%20%20%20%20%20%20%20%20%20%20%20%20%20%20%20%20%20%20%20%20%20%201Redirectcharset=UTF-8%20%20%20%20%20%20%20%20%20%20%20%20%20%20301Permanently%20%20%20https://www.box.com/","0"
"https://miro.com/%20%20%20%20%20%20%20%20%20%20%20%20%20%20%20%20%20%20%20%20%20%20%20%20%20%20%20%20%20%20%20%20%20%20%20%200Redirecttext/html%20%20%20%20%20%20%20%20%20%20%20%20%20%20%20%20%20%20200OK","0"
"https://miro.com/%20%20%20%20%20%20%20%20%20%20%20%20%20%20%20%20%20%20%20%20%20%20%20%20%20%20%20%20%20%20%20%20%20%20%20%200Redirecttext/html%20%20%20%20%20%20%20%20%20%20%20%20%20%20%20%20%20%20200OK/","0"
"https://getpocket.com/explore%20%20%20%20%20%20%20%20%20%20%20%20%20%20%20%20%20%20%20%20%20%20%20%201Redirect%20%20%20%20%20%20%20%20%20%20%20%20%20%20%20%20%20%20%20%20%20%20%20%20%20%20%20307Redirect%20%20%20%20%20%20https://getpocket.com/home","0"
"https://toggl.com/track%20%20%20%20%20%20%20%20%20%20%20%20%20%20%20%20%20%20%20%20%20%20%20%20%20%20%20%20%20%201Redirecttext/html%20%20%20%20%20%20%20%20%20%20%20%20%20%20%20%20%20%20301Permanently%20%20%20https://toggl.com/","0"
"https://mattermost.com/%20%20%20%20%20%20%20%20%20%20%20%20%20%20%20%20%20%20%20%20%20%20%20%20%20%20%20%20%20%200Redirectcharset=UTF-8%20%20%20%20%20%20%20%20%20%20%20%20%20%20200OK","1","https://mattermost.com/wp-json/","https://api.w.org/",""
"https://asana.com/%20%20%20%20%20%20%20%20%20%20%20%20%20%20%20%20%20%20%20%20%20%20%20%20%20%20%20%20%20%20%20%20%20%20%200Redirecttext/html;%20charset=utf-8%20%20%20200OK","0"
"https://asana.com/%20%20%20%20%20%20%20%20%20%20%20%20%20%20%20%20%20%20%20%20%20%20%20%20%20%20%20%20%20%20%20%20%20%20%200redirecttext/html;%20charset=utf-8%20%20%20200ok","0"
"https://jpg.to/%20%20%20%20%20%20%20%20%20%20%20%20%20%20%20%20%20%20%20%20%20%20%20%20%20%20%20%20%20%20%20%20%20%20%20%20%20%201Redirecttext/html%20%20%20%20%20%20%20%20%20%20%20%20%20%20%20%20%20%20301Permanently%20%20%20https://www.jpg.to/","0"
"https://www.jpg.to/%20%20%20%20%20%20%20%20%20%20%20%20%20%20%20%20%20%20%20%20%20%20%20%20%20%20%20%20%20%20%20%20%20%20%20%20%20%201Redirecttext/html%20%20%20%20%20%20%20%20%20%20%20%20%20%20%20%20%20%20301Permanently%20%20%20https://www.jpg.to/","0"
"https://doodle.com/%20%20%20%20%20%20%20%20%20%20%20%20%20%20%20%20%20%20%20%20%20%20%20%20%20%20%20%20%20%20%20%20%20%201Redirecttext/html%20%20%20%20%20%20%20%20%20%20%20%20%20%20%20%20%20%20302Found%20%20%20%20%20%20%20%20%20https://doodle.com/en/","0"
"https://doodle.com/%2520%2520%2520%2520%2520%2520%2520%2520%2520%2520%2520%2520%2520%2520%2520%2520%2520%2520%2520%2520%2520%2520%2520%2520%2520%2520%2520%2520%2520%2520%2520%2520%2520%25201Redirecttext/html%2520%2520%2520%2520%2520%2520%2520%2520%2520%2520%2520%2520%2520%2520%2520%2520%2520%2520302Found%2520%2520%2520%2520%2520%2520%2520%2520%2520https:/doodle.com/en/","0"
"https://spring.io/docs%20%20%20%20%20%20%20%20%20%20%20%20%20%20%20%20%20%20%200Redirecttext/html;%20charset=utf-8%20%20%20404Not%20Found","0"
"https://readwise.io/%20%20%20%20%20%20%20%20%20%20%20%20%20%20%20%20%20%20%20%20%20%20%20%20%20%20%20%20%20%20%20%20%200Redirecttext/html;%20charset=utf-8%20%20%20200OK","0"
"https://buffer.com/%20%20%20%20%20%20%20%20%20%20%20%20%20%20%20%20%20%20%20%20%20%200Redirecttext/html;%20charset=utf-8%20%20%20200OK","0"
"https://wired.com/%20%20%20%20%20%20%20%20%20%20%20%20%20%20%20%20%20%20%20%20%20%20%20%20%20%20%20%20%20%20%20%20%20%20%201Redirecttext/html%20%20%20%20%20%20%20%20%20%20%20%20%20%20%20%20%20%20301Permanently%20%20%20https://www.wired.com/","0"
"https://www.wired.com/%20%20%20%20%20%20%20%20%20%20%20%20%20%20%20%20%20%20%20%20%20%20%20%20%20%20%20%20%20%20%20%20%20%20%201Redirecttext/html%20%20%20%20%20%20%20%20%20%20%20%20%20%20%20%20%20%20301Permanently%20%20%20https://www.wired.com/","0"
"https://ifttt.com/%20%20%20%20%20%20%20%20%20%20%20%20%20%20%20%20%20%20%20%20%20%20%200Redirecttext/html;%20charset=utf-8%20%20%20200OK","0"
"https://docs.djangoproject.com/%20%20%20%20%20%20%20%20%20%201Redirecttext/html;%20charset=utf-8%20%20%20302Found%20%20%20%20%20%20%20%20%20https://docs.djangoproject.com/en/6.0/","0"
"https://pdfcandy.com/%20%20%20%20%20%20%20%20%20%20%20%20%20%20%20%20%20%20%20%20%20%20%20%200Redirectcharset=UTF-8%20%20%20%20%20%20%20%20%20%20%20%20%20%20200OK","0"
"https://startpage.com/%20%20%20%20%20%20%20%20%20%20%20%20%20%20%20%20%20%20%20%20%20%20%20%20%20%20%20%20%20%20%202Chain%20text/html%20%20%20%20%20%20%20%20%20%20%20%20%20%20%20%20%20%20%20%20303See%20Other%20%20%20%20%20https://www.startpage.com/","0"
"https://www.startpage.com/%20%20%20%20%20%20%20%20%20%20%20%20%20%20%20%20%20%20%20%20%20%20%20%20%20%20%20%20%20%20%202Chain%20text/html%20%20%20%20%20%20%20%20%20%20%20%20%20%20%20%20%20%20%20%20303See%20Other%20%20%20%20%20https://www.startpage.com/","0"
"https://www.startpage.com/notfound/","0"
"https://huggingface.co/spaces%20%20%20%20%20%20%20%20%20%20%20%200Redirecttext/html;%20charset=utf-8%20%20%20200OK","0"
"https://drive.google.com/%20%20%20%20%20%20%20%20%20%20%20%20%20%20%20%203Chain%20application/binary%20%20%20%20%20%20%20%20%20%20%20302Found%20%20%20%20%20%20%20%20%20service=wise&passive=1209600&osid=1&continue=https://drive.google.com/&followup=https://drive","0"
"https://slack.com/%20%20%20%20%20%20%20%20%20%20%20%20%20%20%20%20%20%20%20%20%20%20%20%20%20%20%20%20%20%20%20%20%20%20%200Redirecttext/html;%20charset=utf-8%20%20%20200OK","0"
"https://veed.io/%20%20%20%20%20%20%20%20%20%20%20%20%20%20%20%20%20%20%20%20%20%20%20%20%201Redirecttext/html%20%20%20%20%20%20%20%20%20%20%20%20%20%20%20%20%20%20301Permanently%20%20%20https://www.veed.io/","0"
"https://www.veed.io/%20%20%20%20%20%20%20%20%20%20%20%20%20%20%20%20%20%20%20%20%20%20%20%20%201Redirecttext/html%20%20%20%20%20%20%20%20%20%20%20%20%20%20%20%20%20%20301Permanently%20%20%20https:/www.veed.io/","0"
"https://vimeo.com/%20%20%20%20%20%20%20%20%20%20%20%20%20%20%20%20%20%20%20%20%20%20%20%20%20%20%20%20%20%20%20%20%20%20%200Redirectcharset=UTF-8%20%20%20%20%20%20%20%20%20%20%20%20%20%20200OK","0"
"https://docs.unrealengine.com/%20%20%20%20%20%20%20%20%20%20%200Redirectcharset=UTF-8%20%20%20%20%20%20%20%20%20%20%20%20%20%20403Forbidden","0"
"https://docs.python.org/%20%20%20%20%20%20%20%20%20%20%20%20%20%20%20%20%201Redirecttext/html%20%20%20%20%20%20%20%20%20%20%20%20%20%20%20%20%20%20302Temporarily%20%20%20https://docs.python.org/3/","0"
"https://later.com/%20%20%20%20%20%20%20%20%20%20%20%20%20%20%20%20%20%20%20%20%20%20%200Redirectcharset=UTF-8%20%20%20%20%20%20%20%20%20%20%20%20%20%20200OK","0"
"https://udemy.com/%20%20%20%20%20%20%20%20%20%20%20%20%20%20%20%20%20%20%20%20%20%20%201Redirecttext/html%20%20%20%20%20%20%20%20%20%20%20%20%20%20%20%20%20%20301Permanently%20%20%20https://www.udemy.com/","0"
"https://www.udemy.com/%20%20%20%20%20%20%20%20%20%20%20%20%20%20%20%20%20%20%20%20%20%20%201Redirecttext/html%20%20%20%20%20%20%20%20%20%20%20%20%20%20%20%20%20%20301Permanently%20%20%20https:/www.udemy.com/","0"
"https://udemy.com/%20%20%20%20%20%20%20%20%20%20%20%20%20%20%20%20%20%20%20%20%20%20%201Redirecttext/html%20%20%20%20%20%20%20%20%20%20%20%20%20%20%20%20%20%20301Permanently%20%20%20https:/www.udemy.com/","0"
"https://clickup.com/%20%20%20%20%20%20%20%20%20%20%20%20%20%20%20%20%20%20%20%20%20%20%20%20%20%20%20%20%20%20%20%20%200Redirecttext/html%20%20%20%20%20%20%20%20%20%20%20%20%20%20%20%20%20%20200OK","0"
"https://replit.com/%20%20%20%20%20%20%20%20%20%20%20%20%20%20%20%20%20%20%20%20%20%200Redirecttext/html;%20charset=utf-8%20%20%20200OK","0"
"https://dropbox.com/%20%20%20%20%20%20%20%20%20%20%20%20%20%20%20%20%20%20%20%20%20%20%20%20%20%20%20%20%20%20%20%20%201Redirect%20%20%20%20%20%20%20%20%20%20%20%20%20%20%20%20%20%20%20%20%20%20%20%20%20%20%20301Permanently%20%20%20https://www.dropbox.com/","0"
"https://www.dropbox.com/%20%20%20%20%20%20%20%20%20%20%20%20%20%20%20%20%20%20%20%20%20%20%20%20%20%20%20%20%20%20%20%20%201Redirect%20%20%20%20%20%20%20%20%20%20%20%20%20%20%20%20%20%20%20%20%20%20%20%20%20%20%20301Permanently%20%20%20https:/www.dropbox.com/","0"
"https://stackoverflow.com/%20%20%20%20%20%20%20%20%20%20%20%20%20%20%201Redirect%20%20%20%20%20%20%20%20%20%20%20%20%20%20%20%20%20%20%20%20%20%20%20%20%20%20%20302Found%20%20%20%20%20%20%20%20%20https://stackoverflow.com/questions","0"
"https://javascript.info/%20%20%20%20%20%20%20%20%20%20%20%20%20%20%20%20%200Redirecttext/html;%20charset=utf-8%20%20%20200OK","0"
"https://getpocket.com/%20%20%20%20%20%20%20%20%20%20%20%20%20%20%20%20%20%20%203Chain%20%20%20%20%20%20%20%20%20%20%20%20%20%20%20%20%20%20%20%20%20%20%20%20%20%20%20%20%20%20302Temporarily%20%20%20https://getpocket.com/en/","0"
"https://pdfsam.com/pdfsam-online%20%20%20%20%20%20%20%20%20%20%20%20%20%201Redirectcharset=UTF-8%20%20%20%20%20%20%20%20%20%20%20%20%20301Permanently%20%20%20%20https://pdfsam.com/","0"
"https://pdfsam.com/","3","https://pdfsam.com/","shortlink","","https://pdfsam.com/wp-json/wp/v2/pages/1394","alternate","","https://pdfsam.com/wp-json/","https://api.w.org/",""
"https://zapier.com/%20%20%20%20%20%20%20%20%20%20%20%20%20%20%20%20%20%20%20%20%20%200Redirecttext/html;%20charset=utf-8%20%20%20200OK","0"
"https://airtable.com/%20%20%20%20%20%20%20%20%20%20%20%20%20%20%20%20%20%20%20%201Redirect8%20%20%20%20%20%20%20%20%20%20%20%20%20%20%20%20%20%20%20%20%20%20%20%20%20%20301Permanently%20%20%20https://www.airtable.com/","0"
"https://airtable.com/%20%20%20%20%20%20%20%20%20%20%20%20%20%20%20%20%20%20%20%201Redirect8%20%20%20%20%20%20%20%20%20%20%20%20%20%20%20%20%20%20%20%20%20%20%20%20%20%20301Permanently%20%20%20https://www.airtable.com","0"
"https://kotlinlang.org/docs%20%20%20%20%20%20%20%20%20%20%20%20%20%201Redirect%20%20%20%20%20%20%20%20%20%20%20%20%20%20%20%20%20%20%20%20%20%20%20%20%20%20%20301Permanently%20%20%20https://kotlinlang.org/docs/","0"
"https://ads.pinterest.com/%20%20%20%20%20%20%20%20%20%20%20%20%20%20%200Redirecttext/html;%20charset=utf-8%20%20%20200OK","3","https://i.pinimg.com/","preconnect","","https://s.pinimg.com/","preconnect","","https://v1.pinimg.com/","preconnect",""
"https://egghead.io/%20%20%20%20%20%20%20%20%20%20%20%20%20%20%20%20%20%20%20%20%20%200Redirecttext/html;%20charset=utf-8%20%20%20200OK","0"
"https://pdfcandy.com/desktop%20%20%20%20%20%20%20%20%20%20%20%20%20%20%20%20%20%20%20%20%20%20%20%20%200Redirectcharset=UTF-8%20%20%20%20%20%20%20%20%20%20%20%20%20%20404Not%20Found","0"
"https://longform.org/%20%20%20%20%20%20%20%20%20%20%20%20%20%20%20%20%20%20%20%20%20%20%20%20%20%20%20%20%20%20%20%200Redirecttext/html;%20charset=utf-8%20%20%20200OK","0"
"https://git-scm.com/doc%20%20%20%20%20%20%20%20%20%20%20%20%20%20%20%20%20%200Redirecttext/html;%20charset=utf-8%20%20%20200OK","0"
"https://loom.com/%20%20%20%20%20%20%20%20%20%20%20%20%20%20%20%20%20%20%20%20%20%20%20%201Redirect%20%20%20%20%20%20%20%20%20%20%20%20%20%20%20%20%20%20%20%20%20%20%20%20%20%20%20301Permanently%20%20%20https://www.loom.com/","0"
"https://www.loom.com/%20%20%20%20%20%20%20%20%20%20%20%20%20%20%20%20%20%20%20%20%20%20%20%201Redirect%20%20%20%20%20%20%20%20%20%20%20%20%20%20%20%20%20%20%20%20%20%20%20%20%20%20%20301Permanently%20%20%20https://www.loom.com/","0"
"https://overapi.com/%20%20%20%20%20%20%20%20%20%20%20%20%20%20%20%20%20%20%20%20%200Redirecttext/html;%20charset=utf-8%20%20%20200OK","0"
"https://roadmap.sh/%20%20%20%20%20%20%20%20%20%20%20%20%20%20%20%20%20%20%20%20%20%200Redirecttext/html;%20charset=utf-8%20%20%20200OK","0"
"https://kapwing.com/%20%20%20%20%20%20%20%20%20%20%20%20%20%20%20%20%20%20%20%20%201Redirecttext/html%20%20%20%20%20%20%20%20%20%20%20%20%20%20%20%20%20%20301Permanently%20%20%20https://www.kapwing.com/","0"
"https://www.kapwing.com/%20%20%20%20%20%20%20%20%20%20%20%20%20%20%20%20%20%20%20%20%201Redirecttext/html%20%20%20%20%20%20%20%20%20%20%20%20%20%20%20%20%20%20301Permanently%20%20%20https:/www.kapwing.com/","0"
"https://www.kapwing.com/%20%20%20%20%20%20%20%20%20%20%20%20%20%20%20%20%20%20%20%20%201Redirecttext/html%20%20%20%20%20%20%20%20%20%20%20%20%20%20%20%20%20%20301Permanently%20%20%20https:/www.kapwing.com","0"
"https://pcloud.com/%20%20%20%20%20%20%20%20%20%20%20%20%20%20%20%20%20%20%20%20%20%201Redirecttext/html%20%20%20%20%20%20%20%20%20%20%20%20%20%20%20%20%20%20301Permanently%20%20%20https://www.pcloud.com/","0"
"https://www.pcloud.com/%20%20%20%20%20%20%20%20%20%20%20%20%20%20%20%20%20%20%20%20%20%201Redirecttext/html%20%20%20%20%20%20%20%20%20%20%20%20%20%20%20%20%20%20301Permanently%20%20%20https://www.pcloud.com/","0"
"https://www.pcloud.com/","0"
"https://codecademy.com/%20%20%20%20%20%20%20%20%20%20%20%20%20%20%20%20%20%201Redirect%20%20%20%20%20%20%20%20%20%20%20%20%20%20%20%20%20%20%20%20%20%20%20%20%20%20%20301Permanently%20%20%20https://www.codecademy.com/","0"
"https://www.codecademy.com/%20%20%20%20%20%20%20%20%20%20%20%20%20%20%20%20%20%201Redirect%20%20%20%20%20%20%20%20%20%20%20%20%20%20%20%20%20%20%20%20%20%20%20%20%20%20%20301Permanently%20%20%20https:/www.codecademy.com/","0"
"https://css-tricks.com/%20%20%20%20%20%20%20%20%20%20%20%20%20%20%20%20%20%200Redirectcharset=UTF-8%20%20%20%20%20%20%20%20%20%20%20%20%20%20200OK","1","https://css-tricks.com/wp-json/","https://api.w.org/",""
"https://linuxjourney.com/%20%20%20%20%20%20%20%20%20%20%20%20%20%20%20%201Redirecttext/html%20%20%20%20%20%20%20%20%20%20%20%20%20%20%20%20%20%20301Permanently%20%20%20https://labex.io/linuxjourney","0"
"https://convertpdf.tistory.com/%20%20%20%20%20%20%20%20%20%20%20%20%20%20%20%20%20%20%20%20%20%200Redirect8%20%20%20%20%20%20%20%20%20%20%20%20%20%20%20%20%20%20%20%20%20%20%20%20%20%20404","0"
"https://pinboard.in/%20%20%20%20%20%20%20%20%20%20%20%20%20%20%20%20%20%20%20%20%200Redirectcharset=UTF-8%20%20%20%20%20%20%20%20%20%20%20%20%20%20200OK","0"
"https://calendly.com/%20%20%20%20%20%20%20%20%20%20%20%20%20%20%20%20%20%20%20%20%20%20%20%20%20%20%20%20%20%20%20%200Redirecttext/html%20%20%20%20%20%20%20%20%20%20%20%20%20%20%20%20%20%20200OK","0"
"https://poweradspy.com/%20%20%20%20%20%20%20%20%20%20%20%20%20%20%20%20%20%200Redirectcharset=UTF-8%20%20%20%20%20%20%20%20%20%20%20%20%20%20403Forbidden","0"
"https://developer.android.com/%20%20%20%20%20%20%20%20%20%20%200Redirecttext/html;%20charset=utf-8%20%20%20200OK","0"
"https://docs.docker.com/%20%20%20%20%20%20%20%20%20%20%20%20%20%20%20%20%200Redirecttext/html%20%20%20%20%20%20%20%20%20%20%20%20%20%20%20%20%20%20200OK","0"
"https://techcrunch.com/%20%20%20%20%20%20%20%20%20%20%20%20%20%20%20%20%20%200Redirectcharset=UTF-8%20%20%20%20%20%20%20%20%20%20%20%20%20%20200OK","1","https://techcrunch.com/wp-json/","https://api.w.org/",""
"https://kubernetes.io/docs%20%20%20%20%20%20%20%20%20%20%20%20%20%20%201Redirecttext/plain%20%20%20%20%20%20%20%20%20%20%20%20%20%20%20%20%20301Permanently%20%20%20https://kubernetes.io/docs/home/","0"
"https://annas-archive.org/%20%20%20%20%20%20%20%20%20%20%20%20%20%20%200Redirect%20%20%20%20%20%20%20%20%20%20%20%20%20%20%20%20%20%20%20%20%20%20%20%20%20%20%20%20%20%20%20Resolved","0"
"https://hyros.com/%20%20%20%20%20%20%20%20%20%20%20%20%20%20%20%20%20%20%20%20%20%20%200Redirecttext/html%20%20%20%20%20%20%20%20%20%20%20%20%20%20%20%20%20%20200OK","2","https://framerusercontent.com/","preconnect","","https://framerusercontent.com/","preconnect",""
"https://trafficstars.com/%20%20%20%20%20%20%20%20%20%20%20%20%20%20%20%200Redirectcharset=UTF-8%20%20%20%20%20%20%20%20%20%20%20%20%20%20200OK","0"
"https://propellerads.com/%20%20%20%20%20%20%20%20%20%20%20%20%20%20%20%200Redirectcharset=UTF-8%20%20%20%20%20%20%20%20%20%20%20%20%20%20200OK","0"
"https://ads.google.com/%20%20%20%20%20%20%20%20%20%20%20%20%20%20%20%20%20%202Chain%20application/binary%20%20%20%20%20%20%20%20%20%20%20302Found%20%20%20%20%20%20%20%20%20https://ads.google.com/intl/en_PT/home/","0"
"https://glitch.com/%20%20%20%20%20%20%20%20%20%20%20%20%20%20%20%20%20%20%20%20%20%201Redirect%20%20%20%20%20%20%20%20%20%20%20%20%20%20%20%20%20%20%20%20%20%20%20%20%20%20%20307redirect%20%20%20%20%20%20https://blog.glitch.com/","0"
"https://blog.glitch.com/","0"
"https://developer.apple.com/%20%20%20%20%20%20%20%20%20%20%20%20%200Redirecttext/html%20%20%20%20%20%20%20%20%20%20%20%20%20%20%20%20%20%20200OK","0"
"https://gobyexample.com/%20%20%20%20%20%20%20%20%20%20%20%20%20%20%20%20%200Redirecttext/html%20%20%20%20%20%20%20%20%20%20%20%20%20%20%20%20%20%20200OK","0"
"https://keitaro.io/%20%20%20%20%20%20%20%20%20%20%20%20%20%20%20%20%20%20%20%20%20%201Redirecttext/html%20%20%20%20%20%20%20%20%20%20%20%20%20%20%20%20%20%20301Permanently%20%20%20https://keitaro.io/en/","2","https://framerusercontent.com/","preconnect","","https://framerusercontent.com/","preconnect",""
"https://newyorker.com/%20%20%20%20%20%20%20%20%20%20%20%20%20%20%20%20%20%20%20%20%20%20%20%20%20%20%20%20%20%20%201Redirecttext/html%20%20%20%20%20%20%20%20%20%20%20%20%20%20%20%20%20%20301Permanently%20%20%20https://www.newyorker.com/","0"
"https://www.newyorker.com/%20%20%20%20%20%20%20%20%20%20%20%20%20%20%20%20%20%20%20%20%20%20%20%20%20%20%20%20%20%20%201Redirecttext/html%20%20%20%20%20%20%20%20%20%20%20%20%20%20%20%20%20%20301Permanently%20%20%20https://www.newyorker.com/","0"
"https://smashingmagazine.com/%20%20%20%20%20%20%20%20%20%20%20%201Redirect8%20%20%20%20%20%20%20%20%20%20%20%20%20%20%20%20%20%20%20%20%20%20%20%20%20%20301Permanently%20%20%20https://www.smashingmagazine.com/","0"
"https://www.smashingmagazine.com/%20%20%20%20%20%20%20%20%20%20%20%201Redirect8%20%20%20%20%20%20%20%20%20%20%20%20%20%20%20%20%20%20%20%20%20%20%20%20%20%20301Permanently%20%20%20https://www.smashingmagazine.com/","1","https://d33wubrfki0l68.cloudfront.net/","preconnect",""
"https://zamzar.com/%20%20%20%20%20%20%20%20%20%20%20%20%20%20%20%20%20%20%20%20%20%20%20%20%20%20%20%20%20%20%20%20%20%201Redirect8859-1%20%20%20%20%20%20%20%20%20%20%20%20%20%20%20%20%20%20%20%20%20301Permanently%20%20%20https://www.zamzar.com/","0"
"https://www.zamzar.com/%20%20%20%20%20%20%20%20%20%20%20%20%20%20%20%20%20%20%20%20%20%20%20%20%20%20%20%20%20%20%20%20%20%201Redirect8859-1%20%20%20%20%20%20%20%20%20%20%20%20%20%20%20%20%20%20%20%20%20301Permanently%20%20%20https://www.zamzar.com/","0"
"https://tutorialspoint.com/%20%20%20%20%20%20%20%20%20%20%20%20%20%201Redirect8859-1%20%20%20%20%20%20%20%20%20%20%20%20%20%20%20%20%20%20%20%20%20301Permanently%20%20%20https://www.tutorialspoint.com/","0"
"https://www.tutorialspoint.com/%20%20%20%20%20%20%20%20%20%20%20%20%20%201Redirect8859-1%20%20%20%20%20%20%20%20%20%20%20%20%20%20%20%20%20%20%20%20%20301Permanently%20%20%20https:/www.tutorialspoint.com/","0"
"https://doc.rust-lang.org/book%20%20%20%20%20%20%20%20%20%20%202Chain%20text/html;%20charset=utf-8%20%20%20%20%20302Temporarily%20%20%20https://doc.rust-lang.org/doc/stable/book/","0"
"https://redtrack.io/%20%20%20%20%20%20%20%20%20%20%20%20%20%20%20%20%20%20%20%20%201Redirect%20%20%20%20%20%20%20%20%20%20%20%20%20%20%20%20%20%20%20%20%20%20%20%20%20%20%20%20301Permanently%20%20%20%20%20%20%20%20%20https://www.redtrack.io/","0"
"https://www.redtrack.io/%20%20%20%20%20%20%20%20%20%20%20%20%20%20%20%20%20%20%20%20%201Redirect%20%20%20%20%20%20%20%20%20%20%20%20%20%20%20%20%20%20%20%20%20%20%20%20%20%20%20%20301Permanently%20%20%20%20%20%20%20%20%20https://www.redtrack.io/","0"
"https://typeform.com/%20%20%20%20%20%20%20%20%20%20%20%20%20%20%20%20%20%20%20%201Redirect%20%20%20%20%20%20%20%20%20%20%20%20%20%20%20%20%20%20%20%20%20%20%20%20%20%20%20301Permanently%20%20%20https://www.typeform.com/","0"
"https://www.typeform.com/%20%20%20%20%20%20%20%20%20%20%20%20%20%20%20%20%20%20%20%201Redirect%20%20%20%20%20%20%20%20%20%20%20%20%20%20%20%20%20%20%20%20%20%20%20%20%20%20%20301Permanently%20%20%20https://www.typeform.com/","0"
"https://www.typeform.com/%20%20%20%20%20%20%20%20%20%20%20%20%20%20%20%20%20%20%20%201Redirect%20%20%20%20%20%20%20%20%20%20%20%20%20%20%20%20%20%20%20%20%20%20%20%20%20%20%20301Permanently%20%20%20https://www.typeform.com","0"
"https://learn.unity.com/%20%20%20%20%20%20%20%20%20%20%20%20%20%20%20%20%200Redirecttext/html;%20charset=utf-8%20%20%20200OK","0"
"https://manybooks.net/%20%20%20%20%20%20%20%20%20%20%20%20%20%20%20%20%20%20%200Redirectcharset=UTF-8%20%20%20%20%20%20%20%20%20%20%20%20%20%20%20403Forbidden","0"
"https://ruby-lang.org/en/documentation%20%20%202Chain%20text/html%20%20%20%20%20%20%20%20%20%20%20%20%20%20%20%20%20%20%20%20301Permanently%20%20%20https://www.ruby-lang.org/en/documentation","0"
"https://www.ruby-lang.org/en/documentation%20%20%202Chain%20text/html%20%20%20%20%20%20%20%20%20%20%20%20%20%20%20%20%20%20%20%20301Permanently%20%20%20https://www.ruby-lang.org/en/documentation","0"
"https://apowersoft.com/free-online-video-converter%20%20%201Redirecttext/html%20%20%20%20%20%20%20%20%20%20%20%20%20%20%20%20%20%20301Permanently%20%20%20https://www.apowersoft.com/free-online-video-converter","0"
"https://www.apowersoft.com/free-online-video-converter%20%20%201Redirecttext/html%20%20%20%20%20%20%20%20%20%20%20%20%20%20%20%20%20%20301Permanently%20%20%20https://www.apowersoft.com/free-online-video-converter","0"
"https://monday.com/%20%20%20%20%20%20%20%20%20%20%20%20%20%20%20%20%20%20%20%20%20%20%20%20%20%20%20%20%20%20%20%20%20%200Redirecttext/html;%20charset=utf-8%20%20%20200OK","0"
"https://awesome.re/%20%20%20%20%20%20%20%20%20%20%20%20%20%20%20%20%20%20%20%20%20%201Redirect%20%20%20%20%20%20%20%20%20%20%20%20%20%20%20%20%20%20%20%20%20%20%20%20%20%20%20%20302Found%20%20%20%20%20%20%20%20%20%20%20%20%20%20%20https://github.com/sindresorhus/awesome#readme","0"
"https://instapaper.com/%20%20%20%20%20%20%20%20%20%20%20%20%20%20%20%20%20%200Redirectcharset=UTF-8%20%20%20%20%20%20%20%20%20%20%20%20%20%20200OK","0"
"https://laravel.com/docs%20%20%20%20%20%20%20%20%20%20%20%20%20%20%20%20%201Redirecttext/html;%20charset=utf-8%20%20%20302Found%20%20%20%20%20%20%20%20%20https://laravel.com/docs/12.x","0"
"https://outbrain.com/%20%20%20%20%20%20%20%20%20%20%20%20%20%20%20%20%20%20%20%201Redirect%20%20%20%20%20%20%20%20%20%20%20%20%20%20%20%20%20%20%20%20%20%20%20%20%20%20%20%20301redirect%20%20%20%20%20%20%20%20%20%20%20%20https://www.outbrain.com/","0"
"https://www.outbrain.com/%20%20%20%20%20%20%20%20%20%20%20%20%20%20%20%20%20%20%20%201Redirect%20%20%20%20%20%20%20%20%20%20%20%20%20%20%20%20%20%20%20%20%20%20%20%20%20%20%20%20301redirect%20%20%20%20%20%20%20%20%20%20%20%20https://www.outbrain.com/","0"
"https://www.feedbooks.com/publicdomain%20%20%200Redirectcharset=UTF-8%20%20%20%20%20%20%20%20%20%20%20%20%20%20%20403Forbidden","0"
"https://pdfdrive.com/%20%20%20%20%20%20%20%20%20%20%20%20%20%20%20%20%20%20%20%200Redirect%20%20%20%20%20%20%20%20%20%20%20%20%20%20%20%20%20%20%20%20%20%20%20%20%20%20%20%20%20%20%20%20%20%20Secure%20Failure","0"
"https://www.europeana.eu/%20%20%20%20%20%20%20%20%20%20%20%20%20%20%20%200Redirectcharset=UTF-8%20%20%20%20%20%20%20%20%20%20%20%20%20%20%20403Forbidden","0"
"https://hilltopads.com/%20%20%20%20%20%20%20%20%20%20%20%20%20%20%20%20%20%200Redirectcharset=UTF-8%20%20%20%20%20%20%20%20%20%20%20%20%20%20%20200OK","0"
"https://make.com/%20%20%20%20%20%20%20%20%20%20%20%20%20%20%20%20%20%20%20%20%20%20%20%202Chain%20text/html%20%20%20%20%20%20%20%20%20%20%20%20%20%20%20%20%20%20%20%20301Permanently%20%20%20https://www.make.com/","0"
"https://www.make.com/%20%20%20%20%20%20%20%20%20%20%20%20%20%20%20%20%20%20%20%20%20%20%20%202Chain%20text/html%20%20%20%20%20%20%20%20%20%20%20%20%20%20%20%20%20%20%20%20301Permanently%20%20%20https://www.make.com/","0"
"https://www.make.com/%20%20%20%20%20%20%20%20%20%20%20%20%20%20%20%20%20%20%20%20%20%20%20%202Chain%20text/html%20%20%20%20%20%20%20%20%20%20%20%20%20%20%20%20%20%20%20%20301Permanently%20%20%20https:/www.make.com/","0"
"https://www.make.com/%20%20%20%20%20%20%20%20%20%20%20%20%20%20%20%20%20%20%20%20%20%20%20%202Chain%20text/html%20%20%20%20%20%20%20%20%20%20%20%20%20%20%20%20%20%20%20%20301Permanently%20%20%20https:/www.make.com","0"
"https://sci-hub.se/%20%20%20%20%20%20%20%20%20%20%20%20%20%20%20%20%20%20%20%20%20%200Redirecttext/html%20%20%20%20%20%20%20%20%20%20%20%20%20%20%20%20%20%20%20451","0"
"https://ahrefs.com/%20%20%20%20%20%20%20%20%20%20%20%20%20%20%20%20%20%20%20%20%20%200Redirectcharset=UTF-8%20%20%20%20%20%20%20%20%20%20%20%20%20%20%20200OK","0"
"https://quora.com/business/ads%20%20%20%20%20%20%20%20%20%20%201Redirecttext/html%20%20%20%20%20%20%20%20%20%20%20%20%20%20%20%20%20%20%20308Redirect%20%20%20%20%20%20%20%20%20%20%20%20https://www.quora.com/business/ads","0"
"https://www.quora.com/business/ads%20%20%20%20%20%20%20%20%20%20%201Redirecttext/html%20%20%20%20%20%20%20%20%20%20%20%20%20%20%20%20%20%20%20308Redirect%20%20%20%20%20%20%20%20%20%20%20%20https://www.quora.com/business/ads","0"
"https://wikisource.org/%20%20%20%20%20%20%20%20%20%20%20%20%20%20%20%20%20%200Redirecttext/plain%20%20%20%20%20%20%20%20%20%20%20%20%20%20%20%20%20%20403Forbidden","0"
"https://voluum.com/%20%20%20%20%20%20%20%20%20%20%20%20%20%20%20%20%20%20%20%20%20%200Redirectcharset=UTF-8%20%20%20%20%20%20%20%20%20%20%20%20%20%20%20200OK","1","https://voluum.com/wp-json/","https://api.w.org/",""
"https://classicreader.com/%20%20%20%20%20%20%20%20%20%20%20%20%20%20%200Redirect%20%20%20%20%20%20%20%20%20%20%20%20%20%20%20%20%20%20%20%20%20%20%20%20%20%20%20%20%20%20%20%20%20%20Secure%20Failure","0"
"https://adsterra.com/%20%20%20%20%20%20%20%20%20%20%20%20%20%20%20%20%20%20%20%200Redirecttext/html%20%20%20%20%20%20%20%20%20%20%20%20%20%20%20%20%20%20%20200OK","0"
"https://ads.reddit.com/%20%20%20%20%20%20%20%20%20%20%20%20%20%20%20%20%20%202Chain%20text/html;%20charset=utf-8%20%20%20%20%20%20302Found%20%20%20%20%20%20%20%20%20%20%20%20%20%20%20https://business.reddit.com/","0"
"https://semrush.com/%20%20%20%20%20%20%20%20%20%20%20%20%20%20%20%20%20%20%20%20%201Redirecttext/html%20%20%20%20%20%20%20%20%20%20%20%20%20%20%20%20%20%20%20301Permanently%20%20%20%20%20%20%20%20%20https://www.semrush.com/","0"
"https://www.semrush.com/%20%20%20%20%20%20%20%20%20%20%20%20%20%20%20%20%20%20%20%20%201Redirecttext/html%20%20%20%20%20%20%20%20%20%20%20%20%20%20%20%20%20%20%20301Permanently%20%20%20%20%20%20%20%20%20https:/www.semrush.com/","0"
"https://bemob.com/%20%20%20%20%20%20%20%20%20%20%20%20%20%20%20%20%20%20%20%20%20%20%200Redirectcharset=UTF-8%20%20%20%20%20%20%20%20%20%20%20%20%20%20%20200OK","0"
"https://coursera.org/%20%20%20%20%20%20%20%20%20%20%20%20%20%20%20%20%20%20%20%201Redirect%20%20%20%20%20%20%20%20%20%20%20%20%20%20%20%20%20%20%20%20%20%20%20%20%20%20%20%20301Permanently%20%20%20%20%20%20%20%20%20https://www.coursera.org/","0"
"https://www.coursera.org/%20%20%20%20%20%20%20%20%20%20%20%20%20%20%20%20%20%20%20%201Redirect%20%20%20%20%20%20%20%20%20%20%20%20%20%20%20%20%20%20%20%20%20%20%20%20%20%20%20%20301Permanently%20%20%20%20%20%20%20%20%20https://www.coursera.org/","0"
"https://forbusiness.snapchat.com/%20%20%20%20%20%20%20%200Redirecttext/html;%20charset=utf-8%20%20%20200OK","0"
"https://forbusiness.snapchat.com/%20%20%20%20%20%20%20%200redirecttext/html;%20charset=utf-8%20%20%20200ok","0"
"https://forbusiness.snapchat.com/404","0"
"https://rescuetime.com/%20%20%20%20%20%20%20%20%20%20%20%20%20%20%20%20%20%201Redirecttext/html%20%20%20%20%20%20%20%20%20%20%20%20%20%20%20%20%20%20301Permanently%20%20%20https://www.rescuetime.com/","0"
"https://www.rescuetime.com/%20%20%20%20%20%20%20%20%20%20%20%20%20%20%20%20%20%201Redirecttext/html%20%20%20%20%20%20%20%20%20%20%20%20%20%20%20%20%20%20301Permanently%20%20%20https://www.rescuetime.com/","0"
"https://aconvert.com/%20%20%20%20%20%20%20%20%20%20%20%20%20%20%20%20%20%20%20%20%20%20%20%20%20%20%20%20%20%20%20%201Redirect8859-1%20%20%20%20%20%20%20%20%20%20%20%20%20%20%20%20%20%20%20%20%20301Permanently%20%20%20https://www.aconvert.com/","0"
"https://www.aconvert.com/%20%20%20%20%20%20%20%20%20%20%20%20%20%20%20%20%20%20%20%20%20%20%20%20%20%20%20%20%20%20%20%201Redirect8859-1%20%20%20%20%20%20%20%20%20%20%20%20%20%20%20%20%20%20%20%20%20301Permanently%20%20%20https:/www.aconvert.com/","0"
"https://www.aconvert.com/missing.html","0"
"https://books.google.com/%20%20%20%20%20%20%20%20%20%20%20%20%20%20%20%200Redirectcharset=UTF-8%20%20%20%20%20%20%20%20%20%20%20%20%20%20%20200OK","0"
"https://wikibooks.org/%20%20%20%20%20%20%20%20%20%20%20%20%20%20%20%20%20%20%200Redirecttext/plain%20%20%20%20%20%20%20%20%20%20%20%20%20%20%20%20%20%20403Forbidden","0"
"https://klaviyo.com/%20%20%20%20%20%20%20%20%20%20%20%20%20%20%20%20%20%20%20%20%201Redirect%20%20%20%20%20%20%20%20%20%20%20%20%20%20%20%20%20%20%20%20%20%20%20%20%20%20%20%20301Permanently%20%20%20%20%20%20%20%20%20https://www.klaviyo.com/","0"
"https://www.klaviyo.com/%20%20%20%20%20%20%20%20%20%20%20%20%20%20%20%20%20%20%20%20%201Redirect%20%20%20%20%20%20%20%20%20%20%20%20%20%20%20%20%20%20%20%20%20%20%20%20%20%20%20%20301Permanently%20%20%20%20%20%20%20%20%20https://www.klaviyo.com/","0"
"https://php.net/%20%20%20%20%20%20%20%20%20%20%20%20%20%20%20%20%20%20%20%20%20%20%20%20%201Redirecttext/html%20%20%20%20%20%20%20%20%20%20%20%20%20%20%20%20%20%20301Permanently%20%20%20https://www.php.net/","0"
"https://www.php.net/%20%20%20%20%20%20%20%20%20%20%20%20%20%20%20%20%20%20%20%20%20%20%20%20%201Redirecttext/html%20%20%20%20%20%20%20%20%20%20%20%20%20%20%20%20%20%20301Permanently%20%20%20https:/www.php.net/","0"
"https://www.php.net/search.php?show=404quickref&lang=en&pattern=%20%20%20%20%20%20%20%20%20%20%20%20%20%20%20%20%20%20%20%20%20%20%20%20%201Redirecttext/html%20%20%20%20%20%20%20%20%20%20%20%20%20%20%20%20%20%20301Permanently%20%20%20https:/www.php.net/","0"
"https://www.php.net/manual-lookup.php?pattern=+++++++++++++++++++++++++1Redirecttext%2Fhtml++++++++++++++++++301Permanently+++https%3A%2Fwww.php.net%2F&lang=en&scope=404quickref","1","https://www.php.net/quickref","shorturl",""
"https://instapage.com/%20%20%20%20%20%20%20%20%20%20%20%20%20%20%20%20%20%20%200Redirecttext/html%20%20%20%20%20%20%20%20%20%20%20%20%20%20%20%20%20%20%20200OK","0"
"https://instapage.com/lp","0"
"https://gallica.bnf.fr/%20%20%20%20%20%20%20%20%20%20%20%20%20%20%20%20%20%201Redirect%20%20%20%20%20%20%20%20%20%20%20%20%20%20%20%20%20%20%20%20%20%20%20%20%20%20%20%20302%20%20%20%20%20%20%20%20%20%20%20%20%20%20%20%20302https://gallica.bnf.fr/accueil/fr/html/accueil-fr","0"
"https://novelupdates.com/%20%20%20%20%20%20%20%20%20%20%20%20%20%20%20%200Redirectcharset=UTF-8%20%20%20%20%20%20%20%20%20%20%20%20%20%20%20403Forbidden","0"
"https://scribblehub.com/%20%20%20%20%20%20%20%20%20%20%20%20%20%20%20%20%200Redirectcharset=UTF-8%20%20%20%20%20%20%20%20%20%20%20%20%20%20%20403Forbidden","0"
"https://moat.com/%20%20%20%20%20%20%20%20%20%20%20%20%20%20%20%20%20%20%20%20%20%20%20%200Redirecttext/html%20%20%20%20%20%20%20%20%20%20%20%20%20%20%20%20%20%20%20400Bad%20Request","0"
"https://mailchimp.com/%20%20%20%20%20%20%20%20%20%20%20%20%20%20%20%20%20%20%201Redirectcharset=UTF-8%20%20%20%20%20%20%20%20%20%20%20%20%20%20%20302Temporarily%20%20%20%20%20%20%20%20%20https://mailchimp.com/pt-br/","0"
"https://binom.org/%20%20%20%20%20%20%20%20%20%20%20%20%20%20%20%20%20%20%20%20%20%20%200Redirectcharset=UTF-8%20%20%20%20%20%20%20%20%20%20%20%20%20%20%20200OK","0"
"https://smackjeevesarchive.com/%20%20%20%20%20%20%20%20%20%20%20%20%20%20%20%20%20%20%20%20%20%20%20%20%20%20%20%20%20%20%20%20%200Redirect%20%20%20%20%20%20%20%20%20%20%20%20%20%20%20%20%20%20%20%20%20%20%20%20%20%20%20%20%20%20Resolved","0"
"https://webnovel.com/%20%20%20%20%20%20%20%20%20%20%20%20%20%20%20%20%20%20%20%200Redirectcharset=UTF-8%20%20%20%20%20%20%20%20%20%20%20%20%20%20%20403Forbidden","0"
"https://inkitt.com/%20%20%20%20%20%20%20%20%20%20%20%20%20%20%20%20%20%20%20%20%20%200Redirectcharset=UTF-8%20%20%20%20%20%20%20%20%20%20%20%20%20%20%20403Forbidden","0"
"https://whatrunswhere.com/%20%20%20%20%20%20%20%20%20%20%20%20%20%20%200Redirect8%20%20%20%20%20%20%20%20%20%20%20%20%20%20%20%20%20%20%20%20%20%20%20%20%20%20%20503Unavailable","0"
"https://filezigzag.com/%20%20%20%20%20%20%20%20%20%20%20%20%20%20%20%20%20%20%20%20%20%20%20%20%20%20%20%20%20%201Redirect8859-1%20%20%20%20%20%20%20%20%20%20%20%20%20%20%20%20%20%20%20%20%20301Permanently%20%20%20https://www.filezigzag.com/","0"
"https://www.filezigzag.com/%20%20%20%20%20%20%20%20%20%20%20%20%20%20%20%20%20%20%20%20%20%20%20%20%20%20%20%20%20%201Redirect8859-1%20%20%20%20%20%20%20%20%20%20%20%20%20%20%20%20%20%20%20%20%20301Permanently%20%20%20https:/www.filezigzag.com/","0"
"https://cpvlab.pro/%20%20%20%20%20%20%20%20%20%20%20%20%20%20%20%20%20%20%20%20%20%200Redirectcharset=UTF-8%20%20%20%20%20%20%20%20%20%20%20%20%20%20%20200OK","0"
"https://jotform.com/%20%20%20%20%20%20%20%20%20%20%20%20%20%20%20%20%20%20%20%20%201Redirecttext/html%20%20%20%20%20%20%20%20%20%20%20%20%20%20%20%20%20%20%20301Permanently%20%20%20%20%20%20%20%20%20https://www.jotform.com/","0"
"https://www.jotform.com/%20%20%20%20%20%20%20%20%20%20%20%20%20%20%20%20%20%20%20%20%201Redirecttext/html%20%20%20%20%20%20%20%20%20%20%20%20%20%20%20%20%20%20%20301Permanently%20%20%20%20%20%20%20%20%20https:/www.jotform.com/","0"
"https://sitepoint.com/%20%20%20%20%20%20%20%20%20%20%20%20%20%20%20%20%20%20%201Redirect%20%20%20%20%20%20%20%20%20%20%20%20%20%20%20%20%20%20%20%20%20%20%20%20%20%20%20%20301Permanently%20%20%20%20%20%20%20%20%20https://www.sitepoint.com/","0"
"https://www.sitepoint.com/%20%20%20%20%20%20%20%20%20%20%20%20%20%20%20%20%20%20%201Redirect%20%20%20%20%20%20%20%20%20%20%20%20%20%20%20%20%20%20%20%20%20%20%20%20%20%20%20%20301Permanently%20%20%20%20%20%20%20%20%20https://www.sitepoint.com/","0"
"https://neovel.io/%20%20%20%20%20%20%20%20%20%20%20%20%20%20%20%20%20%20%20%20%20%20%200Redirecttext/html%20%20%20%20%20%20%20%20%20%20%20%20%20%20%20%20%20%20%20403Forbidden","0"
"https://vocal.media/%20%20%20%20%20%20%20%20%20%20%20%20%20%20%20%20%20%20%20%20%200Redirecttext/html;%20charset=utf-8%20%20%20200OK","0"
"https://hathitrust.org/%20%20%20%20%20%20%20%20%20%20%20%20%20%20%20%20%20%201Redirect%20%20%20%20%20%20%20%20%20%20%20%20%20%20%20%20%20%20%20%20%20%20%20%20%20%20%20%20301Permanently%20%20%20%20%20%20%20%20%20https://www.hathitrust.org/","0"
"https://www.hathitrust.org/%20%20%20%20%20%20%20%20%20%20%20%20%20%20%20%20%20%201Redirect%20%20%20%20%20%20%20%20%20%20%20%20%20%20%20%20%20%20%20%20%20%20%20%20%20%20%20%20301Permanently%20%20%20%20%20%20%20%20%20https:/www.hathitrust.org/","0"
"https://webp.to/%20%20%20%20%20%20%20%20%20%20%20%20%20%20%20%20%20%20%20%20%20%20%20%20%20%20%20%20%20%20%20%20%20%20%20%20%201Redirecttext/html%20%20%20%20%20%20%20%20%20%20%20%20%20%20%20%20%20%20301Permanently%20%20%20https://www.webp.to/","0"
"https://www.webp.to/%20%20%20%20%20%20%20%20%20%20%20%20%20%20%20%20%20%20%20%20%20%20%20%20%20%20%20%20%20%20%20%20%20%20%20%20%201Redirecttext/html%20%20%20%20%20%20%20%20%20%20%20%20%20%20%20%20%20%20301Permanently%20%20%20https://www.webp.to/","0"
"https://gutenberg.org/%20%20%20%20%20%20%20%20%20%20%20%20%20%20%20%20%20%20%200Redirecttext/html%20%20%20%20%20%20%20%20%20%20%20%20%20%20%20%20%20%20%20200OK","0"
"https://unbounce.com/%20%20%20%20%20%20%20%20%20%20%20%20%20%20%20%20%20%20%20%200Redirectcharset=UTF-8%20%20%20%20%20%20%20%20%20%20%20%20%20%20%20200OK","0"
"https://unbounce.com/%20%20%20%20%20%20%20%20%20%20%20%20%20%20%20%20%20%20%20%200Redirectcharset=UTF-8%20%20%20%20%20%20%20%20%20%20%20%20%20%20%20200OK/","4","https://unbounce.com/wp-content/themes/unbounce2019/assets/fonts/LeagueSpartan/Leaguespartan-normal-latin.woff2","preload","","https://unbounce.com/wp-content/themes/unbounce2019/assets/fonts/Figtree/Figtree-normal-latin.woff2","preload","","https://unbounce.com/wp-content/themes/unbounce2019/assets/img/unbounce.svg?v=1","preload","","https://unbounce.com/wp-content/themes/unbounce2019/assets/font-heart/font/fontello.woff?v=4","preload",""
"https://obooko.com/%20%20%20%20%20%20%20%20%20%20%20%20%20%20%20%20%20%20%20%20%20%20%20%20%20%20%20%20%20%20%20%20%20%20%20%20%20%20%20%20%20%20%20%20%200Redirectcharset=UTF-8%20%20%20%20%20%20%20%20%20%20%20%20%20%20403Forbidden","0"
"https://sync.com/%20%20%20%20%20%20%20%20%20%20%20%20%20%20%20%20%20%20%20%20%20%20%20%20%20%20%20%20%20%20%20%20%20%20%20%201Redirect%20%20%20%20%20%20%20%20%20%20%20%20%20%20%20%20%20%20%20%20%20%20%20%20%20%20%20301Permanently%20%20%20https://www.sync.com/","0"
"https://www.sync.com/%20%20%20%20%20%20%20%20%20%20%20%20%20%20%20%20%20%20%20%20%20%20%20%20%20%20%20%20%20%20%20%20%20%20%20%201Redirect%20%20%20%20%20%20%20%20%20%20%20%20%20%20%20%20%20%20%20%20%20%20%20%20%20%20%20301Permanently%20%20%20https:/www.sync.com/","0"
"https://z-lib.org/%20%20%20%20%20%20%20%20%20%20%20%20%20%20%20%20%20%20%20%20%20%20%200Redirecttext/html%20%20%20%20%20%20%20%20%20%20%20%20%20%20%20%20%20%20%20403Forbidden","0"
"https://linkedin.com/ads%20%20%20%20%20%20%20%20%20%20%20%20%20%20%20%20%203Chain%20%20%20%20%20%20%20%20%20%20%20%20%20%20%20%20%20%20%20%20%20%20%20%20%20%20%20%20%20%20%20301Permanently%20%20%20%20%20%20%20%20%20https://www.linkedin.com/ads","0"
"https://www.linkedin.com/ads%20%20%20%20%20%20%20%20%20%20%20%20%20%20%20%20%203Chain%20%20%20%20%20%20%20%20%20%20%20%20%20%20%20%20%20%20%20%20%20%20%20%20%20%20%20%20%20%20%20301Permanently%20%20%20%20%20%20%20%20%20https://www.linkedin.com/ads","0"
"https://www.linkedin.com/campaignmanager","0"
"https://pluralsight.com/%20%20%20%20%20%20%20%20%20%20%20%20%20%20%20%20%201Redirecttext/html%20%20%20%20%20%20%20%20%20%20%20%20%20%20%20%20%20%20%20301Permanently%20%20%20%20%20%20%20%20%20https://www.pluralsight.com/","0"
"https://www.pluralsight.com/%20%20%20%20%20%20%20%20%20%20%20%20%20%20%20%20%201Redirecttext/html%20%20%20%20%20%20%20%20%20%20%20%20%20%20%20%20%20%20%20301Permanently%20%20%20%20%20%20%20%20%20https://www.pluralsight.com/","0"
"https://www.pluralsight.com/%20%20%20%20%20%20%20%20%20%20%20%20%20%20%20%20%201Redirecttext/html%20%20%20%20%20%20%20%20%20%20%20%20%20%20%20%20%20%20%20301Permanently%20%20%20%20%20%20%20%20%20https:/www.pluralsight.com","0"
"https://adspy.com/%20%20%20%20%20%20%20%20%20%20%20%20%20%20%20%20%20%20%20%20%20%20%201Redirect%20%20%20%20%20%20%20%20%20%20%20%20%20%20%20%20%20%20%20%20%20%20%20%20%20%20%20%20301Permanently%20%20%20%20%20%20%20%20%20https://www.adspy.com/","0"
"https://www.adspy.com/%20%20%20%20%20%20%20%20%20%20%20%20%20%20%20%20%20%20%20%20%20%20%201Redirect%20%20%20%20%20%20%20%20%20%20%20%20%20%20%20%20%20%20%20%20%20%20%20%20%20%20%20%20301Permanently%20%20%20%20%20%20%20%20%20https:/www.adspy.com/","0"
"https://www.adspy.com/error.htm?x","0"
"https://www.adspy.com/404.aspx","0"
"https://booknet.com/%20%20%20%20%20%20%20%20%20%20%20%20%20%20%20%20%20%20%20%20%200Redirectcharset=UTF-8%20%20%20%20%20%20%20%20%20%20%20%20%20%20%20200OK","0"
"https://allinpdf.com/%20%20%20%20%20%20%20%20%20%20%20%20%20%20%20%20%20%20%20%20%20%20%20%20%20%20%20%20%20%20%20%200Redirecttext/html;%20charset=utf-8%20%20%20200OK","0"
"https://allinpdf.com/info/exception-display?infoindex=404","0"
"https://bookboon.com/%20%20%20%20%20%20%20%20%20%20%20%20%20%20%20%20%20%20%20%200Redirectcharset=UTF-8%20%20%20%20%20%20%20%20%20%20%20%20%20%20%20200OK","0"
"https://adroll.com/%20%20%20%20%20%20%20%20%20%20%20%20%20%20%20%20%20%20%20%20%20%201Redirect%20%20%20%20%20%20%20%20%20%20%20%20%20%20%20%20%20%20%20%20%20%20%20%20%20%20%20%20301Permanently%20%20%20%20%20%20%20%20%20https://www.adroll.com/","0"
"https://www.adroll.com/%20%20%20%20%20%20%20%20%20%20%20%20%20%20%20%20%20%20%20%20%20%201Redirect%20%20%20%20%20%20%20%20%20%20%20%20%20%20%20%20%20%20%20%20%20%20%20%20%20%20%20%20301Permanently%20%20%20%20%20%20%20%20%20https://www.adroll.com/","0"
"https://www.adroll.com/%20%20%20%20%20%20%20%20%20%20%20%20%20%20%20%20%20%20%20%20%20%201Redirect%20%20%20%20%20%20%20%20%20%20%20%20%20%20%20%20%20%20%20%20%20%20%20%20%20%20%20%20301Permanently%20%20%20%20%20%20%20%20%20https:","0"
"https://nautil.us/%20%20%20%20%20%20%20%20%20%20%20%20%20%20%20%20%20%20%20%20%20%20%200Redirecttext/html;%20charset=utf-8%20%20%20%20200OK","0"
"https://activecampaign.com/%20%20%20%20%20%20%20%20%20%20%20%20%20%201Redirecttext/html%20%20%20%20%20%20%20%20%20%20%20%20%20%20%20%20%20%20%20301Permanently%20%20%20%20%20%20%20%20%20https://www.activecampaign.com/","0"
"https://www.activecampaign.com/%20%20%20%20%20%20%20%20%20%20%20%20%20%201Redirecttext/html%20%20%20%20%20%20%20%20%20%20%20%20%20%20%20%20%20%20%20301Permanently%20%20%20%20%20%20%20%20%20https:/www.activecampaign.com/","0"
"https://www.activecampaign.com/%20%20%20%20%20%20%20%20%20%20%20%20%20%201Redirecttext/html%20%20%20%20%20%20%20%20%20%20%20%20%20%20%20%20%20%20%20301Permanently%20%20%20%20%20%20%20%20%20https:/www.activecampaign.com","0"
"https://standardebooks.org/%20%20%20%20%20%20%20%20%20%20%20%20%20%200%20%20%20%20%20%20%20%20%20%20%20%20%20%20%20%20%20%20%20%20%20%20%20%20%20%20%20%20%20%20%20%20%20%20%20%20200OK","0"
"https://clickfunnels.com/%20%20%20%20%20%20%20%20%20%20%20%20%20%20%20%201Redirecttext/html%20%20%20%20%20%20%20%20%20%20%20%20%20%20%20%20%20%20%20301Permanently%20%20%20%20%20%20%20%20%20https://www.clickfunnels.com/","0"
"https://www.clickfunnels.com/%20%20%20%20%20%20%20%20%20%20%20%20%20%20%20%201Redirecttext/html%20%20%20%20%20%20%20%20%20%20%20%20%20%20%20%20%20%20%20301Permanently%20%20%20%20%20%20%20%20%20https:/www.clickfunnels.com/","0"
"https://frontendmasters.com/%20%20%20%20%20%20%20%20%20%20%20%20%200Redirecttext/html%20%20%20%20%20%20%20%20%20%20%20%20%20%20%20%20%20%20200OK","0"
"http://frontendmasters.com/%20%20%20%20%20%20%20%20%20%20%20%20%200Redirecttext/html%20%20%20%20%20%20%20%20%20%20%20%20%20%20%20%20%20%20200OK/","0"
"https://frontendmasters.com/%20%20%20%20%20%20%20%20%20%20%20%20%200Redirecttext/html%20%20%20%20%20%20%20%20%20%20%20%20%20%20%20%20%20%20200OK/","0"
"https://mgid.com/%20%20%20%20%20%20%20%20%20%20%20%20%20%20%20%20%20%20%20%20%20%20%20%201Redirecttext/html%20%20%20%20%20%20%20%20%20%20%20%20%20%20%20%20%20%20%20301Permanently%20%20%20%20%20%20%20%20%20https://www.mgid.com/","0"
"https://www.mgid.com/%20%20%20%20%20%20%20%20%20%20%20%20%20%20%20%20%20%20%20%20%20%20%20%201Redirecttext/html%20%20%20%20%20%20%20%20%20%20%20%20%20%20%20%20%20%20%20301Permanently%20%20%20%20%20%20%20%20%20https://www.mgid.com/","0"
"https://www.mgid.com/%20%20%20%20%20%20%20%20%20%20%20%20%20%20%20%20%20%20%20%20%20%20%20%201Redirecttext/html%20%20%20%20%20%20%20%20%20%20%20%20%20%20%20%20%20%20%20301Permanently%20%20%20%20%20%20%20%20%20https:/www.mgid.com","0"
"https://taboola.com/%20%20%20%20%20%20%20%20%20%20%20%20%20%20%20%20%20%20%20%20%201Redirect%20%20%20%20%20%20%20%20%20%20%20%20%20%20%20%20%20%20%20%20%20%20%20%20%20%20%20301Permanently%20%20%20https://www.taboola.com/","0"
"https://www.taboola.com/%20%20%20%20%20%20%20%20%20%20%20%20%20%20%20%20%20%20%20%20%201Redirect%20%20%20%20%20%20%20%20%20%20%20%20%20%20%20%20%20%20%20%20%20%20%20%20%20%20%20301Permanently%20%20%20https://www.taboola.com/","0"
"https://www.taboola.com/%20%20%20%20%20%20%20%20%20%20%20%20%20%20%20%20%20%20%20%20%201Redirect%20%20%20%20%20%20%20%20%20%20%20%20%20%20%20%20%20%20%20%20%20%20%20%20%20%20%20301Permanently%20%20%20https:/www.taboola.com/","0"
"https://www.taboola.com/page-not-found/?ref=%2F%2520%2520%2520%2520%2520%2520%2520%2520%2520%2520%2520%2520%2520%2520%2520%2520%2520%2520%2520%2520%25201Redirect%2520%2520%2520%2520%2520%2520%2520%2520%2520%2520%2520%2520%2520%2520%2520%2520%2520%2520%2520%2520%2520%2520%2520%2520%2520%2520%2520301Permanently%2520%2520%2520https%3A%2Fwww.taboola.com%2F","0"
"https://improvely.com/%20%20%20%20%20%20%20%20%20%20%20%20%20%20%20%20%20%20%201Redirectcharset=UTF-8%20%20%20%20%20%20%20%20%20%20%20%20%20%20%20301Permanently%20%20%20%20%20%20%20%20%20https://www.improvely.com/","0"
"https://www.improvely.com/%20%20%20%20%20%20%20%20%20%20%20%20%20%20%20%20%20%20%201Redirectcharset=UTF-8%20%20%20%20%20%20%20%20%20%20%20%20%20%20%20301Permanently%20%20%20%20%20%20%20%20%20https://www.improvely.com/","0"
"https://wickedreports.com/%20%20%20%20%20%20%20%20%20%20%20%20%20%20%201Redirect%20%20%20%20%20%20%20%20%20%20%20%20%20%20%20%20%20%20%20%20%20%20%20%20%20%20%20%20301Permanently%20%20%20%20%20%20%20%20%20https://www.wickedreports.com/","0"
"https://www.wickedreports.com/%20%20%20%20%20%20%20%20%20%20%20%20%20%20%201Redirect%20%20%20%20%20%20%20%20%20%20%20%20%20%20%20%20%20%20%20%20%20%20%20%20%20%20%20%20301Permanently%20%20%20%20%20%20%20%20%20https://www.wickedreports.com/","0"
"https://leadpages.com/%20%20%20%20%20%20%20%20%20%20%20%20%20%20%20%20%20%20%201Redirecttext/plain%20%20%20%20%20%20%20%20%20%20%20%20%20%20%20%20%20%20308Redirect%20%20%20%20%20%20%20%20%20%20%20%20https://www.leadpages.com/","0"
"https://leadpages.com/%20%20%20%20%20%20%20%20%20%20%20%20%20%20%20%20%20%20%201Redirecttext/plain%20%20%20%20%20%20%20%20%20%20%20%20%20%20%20%20%20%20308Redirect%20%20%20%20%20%20%20%20%20%20%20%20https:/www.leadpages.com/","0"
"https://www.leadpages.com/%20%20%20%20%20%20%20%20%20%20%20%20%20%20%20%20%20%20%201Redirecttext/plain%20%20%20%20%20%20%20%20%20%20%20%20%20%20%20%20%20%20308Redirect%20%20%20%20%20%20%20%20%20%20%20%20https:/www.leadpages.com/","0"
"https://www.leadpages.com/%20%20%20%20%20%20%20%20%20%20%20%20%20%20%20%20%20%20%201Redirecttext/plain%20%20%20%20%20%20%20%20%20%20%20%20%20%20%20%20%20%20308Redirect%20%20%20%20%20%20%20%20%20%20%20%20https:/www.leadpages.com","0"
"https://ads.microsoft.com/%20%20%20%20%20%20%20%20%20%20%20%20%20%20%200Redirecttext/html;%20charset=utf-8%20%20%20%20200OK","0"
"https://ads.microsoft.com/Error/PageNotFound?aspxerrorpath=%2f+++++++++++++++0Redirecttext%2fhtml%3b+charset%3dutf-8++++200OK&p=false&h=2bfpd","0"
"https://criteo.com/%20%20%20%20%20%20%20%20%20%20%20%20%20%20%20%20%20%20%20%20%20%201Redirectcharset=UTF-8%20%20%20%20%20%20%20%20%20%20%20%20%20%20301Permanently%20%20%20https://www.criteo.com/","0"
"https://www.criteo.com/%20%20%20%20%20%20%20%20%20%20%20%20%20%20%20%20%20%20%20%20%20%201Redirectcharset=UTF-8%20%20%20%20%20%20%20%20%20%20%20%20%20%20301Permanently%20%20%20https://www.criteo.com/","0"
"https://www.criteo.com/%20%20%20%20%20%20%20%20%20%20%20%20%20%20%20%20%20%20%20%20%20%201redirectcharset=utf-8%20%20%20%20%20%20%20%20%20%20%20%20%20%20301permanently%20%20%20https://www.criteo.com/","0"
"https://www.criteo.com/%20%20%20%20%20%20%20%20%20%20%20%20%20%20%20%20%20%20%20%20%20%201redirectcharset=utf-8%20%20%20%20%20%20%20%20%20%20%20%20%20%20301permanently%20%20%20https:/www.criteo.com/","1","https://www.criteo.com/wp-json/","https://api.w.org/",""
"https://hootsuite.com/%20%20%20%20%20%20%20%20%20%20%20%20%20%20%20%20%20%20%201Redirect%20%20%20%20%20%20%20%20%20%20%20%20%20%20%20%20%20%20%20%20%20%20%20%20%20%20%20301Permanently%20%20%20https://www.hootsuite.com/","0"
"https://hootsuite.com/%20%20%20%20%20%20%20%20%20%20%20%20%20%20%20%20%20%20%201Redirect%20%20%20%20%20%20%20%20%20%20%20%20%20%20%20%20%20%20%20%20%20%20%20%20%20%20%20301Permanently%20%20%20https:/www.hootsuite.com","0"
"https://www.hootsuite.com/%20%20%20%20%20%20%20%20%20%20%20%20%20%20%20%20%20%20%201Redirect%20%20%20%20%20%20%20%20%20%20%20%20%20%20%20%20%20%20%20%20%20%20%20%20%20%20%20301Permanently%20%20%20https:/www.hootsuite.com","0"
"https://www.hootsuite.com/                   1redirect                           301permanently   https:/www.hootsuite.com","0"
"https://sendinblue.com/%20%20%20%20%20%20%20%20%20%20%20%20%20%20%20%20%20%202Chain%20text/html%20%20%20%20%20%20%20%20%20%20%20%20%20%20%20%20%20%20%20%20%20301Permanently%20%20%20%20%20%20%20%20%20https://www.sendinblue.com/","0"
"https://www.sendinblue.com/%20%20%20%20%20%20%20%20%20%20%20%20%20%20%20%20%20%202Chain%20text/html%20%20%20%20%20%20%20%20%20%20%20%20%20%20%20%20%20%20%20%20%20301Permanently%20%20%20%20%20%20%20%20%20https:/www.sendinblue.com/","0"
"https://www.brevo.com/%20%20%20%20%20%20%20%20%20%20%20%20%20%20%20%20%20%202Chain%20text/html%20%20%20%20%20%20%20%20%20%20%20%20%20%20%20%20%20%20%20%20%20301Permanently%20%20%20%20%20%20%20%20%20https:/www.sendinblue.com/","0"
"https://www.brevo.com/%20%20%20%20%20%20%20%20%20%20%20%20%20%20%20%20%20%202Chain%20text/html%20%20%20%20%20%20%20%20%20%20%20%20%20%20%20%20%20%20%20%20%20301Permanently%20%20%20%20%20%20%20%20%20https:/www.sendinblue.com","1","https://www.sendinblue.com/wp-json/","https://api.w.org/",""
"https://revcontent.com/%20%20%20%20%20%20%20%20%20%20%20%20%20%20%20%20%20%201Redirecttext/html%20%20%20%20%20%20%20%20%20%20%20%20%20%20%20%20%20%20%20301Permanently%20%20%20%20%20%20%20%20%20https://www.revcontent.com/","0"
"https://www.revcontent.com/%20%20%20%20%20%20%20%20%20%20%20%20%20%20%20%20%20%201Redirecttext/html%20%20%20%20%20%20%20%20%20%20%20%20%20%20%20%20%20%20%20301Permanently%20%20%20%20%20%20%20%20%20https://www.revcontent.com/","0"
"https://hubspot.com/%20%20%20%20%20%20%20%20%20%20%20%20%20%20%20%20%20%20%20%20%201Redirecttext/html%20%20%20%20%20%20%20%20%20%20%20%20%20%20%20%20%20%20%20301Permanently%20%20%20%20%20%20%20%20%20https://www.hubspot.com/","0"
"https://www.hubspot.com/%20%20%20%20%20%20%20%20%20%20%20%20%20%20%20%20%20%20%20%20%201Redirecttext/html%20%20%20%20%20%20%20%20%20%20%20%20%20%20%20%20%20%20%20301Permanently%20%20%20%20%20%20%20%20%20https:/www.hubspot.com/","0"
"https://www.planetebook.com/%20%20%20%20%20%20%20%20%20%20%20%20%200Redirectcharset=UTF-8%20%20%20%20%20%20%20%20%20%20%20%20%20%20%20200OK","1","https://www.planetebook.com/wp-json/","https://api.w.org/",""
"https://figma.com/%20%20%20%20%20%20%20%20%20%20%20%20%20%20%20%20%20%20%20%20%20%20%201Redirect%20%20%20%20%20%20%20%20%20%20%20%20%20%20%20%20%20%20%20%20%20%20%20%20%20%20%20301Permanently%20%20%20https://www.figma.com/","0"
"https://www.figma.com/%20%20%20%20%20%20%20%20%20%20%20%20%20%20%20%20%20%20%20%20%20%20%201Redirect%20%20%20%20%20%20%20%20%20%20%20%20%20%20%20%20%20%20%20%20%20%20%20%20%20%20%20301Permanently%20%20%20https://www.figma.com/","0"
"https://www.figma.com/%20%20%20%20%20%20%20%20%20%20%20%20%20%20%20%20%20%20%20%20%20%20%201Redirect%20%20%20%20%20%20%20%20%20%20%20%20%20%20%20%20%20%20%20%20%20%20%20%20%20%20%20301Permanently%20%20%20https:/www.figma.com/","0"
"https://www.figma.com/%20%20%20%20%20%20%20%20%20%20%20%20%20%20%20%20%20%20%20%20%20%20%201Redirect%20%20%20%20%20%20%20%20%20%20%20%20%20%20%20%20%20%20%20%20%20%20%20%20%20%20%20301Permanently%20%20%20https:/www.figma.com","0"
"https://ebooks-bnr.com/%20%20%20%20%20%20%20%20%20%20%20%20%20%20%20%20%20%20%20%20%20%20%20%20%20%20%20%20%20%20%20%20%20%20%20%20%20%20%20%20%200Redirecttext/html;%20charset=utf-8%20%20%20200OK","1","https://ebooks-bnr.com/wp-json/","https://api.w.org/",""
"https://mediumish.com/%20%20%20%20%20%20%20%20%20%20%20%20%20%20%20%20%20%20%20%20%20%20%20%20%20%20%20%20%20%20%20%20%20%20%20%20%20%20%20%20%20%200Redirect%20%20%20%20%20%20%20%20%20%20%20%20%20%20%20%20%20%20%20%20%20%20%20%20%20%20%20%20%20%20Cannot%20Connect","0"
"https://archive.org/details/texts%20%20%20%20%20%20%20%20%20%20%20%20%20%20%20%20%20%20%20%20%20%20%20%20%20%20%20%20%20%20%200Redirectcharset=UTF-8%20%20%20%20%20%20%20%20%20%20%20%20%20%20200OK","0"
"https://archiveofourown.org/%20%20%20%20%20%20%20%20%20%20%20%20%200Redirecttext/html;%20charset=utf-8%20%20%20%20200OK","13","https://archiveofourown.org/stylesheets/sandbox.css","preload","","https://archiveofourown.org/javascripts/livevalidation_standalone.js","preload","","https://archiveofourown.org/javascripts/jquery.scrollTo.min.js","preload","","https://archiveofourown.org/javascripts/jquery.livequery.min.js","preload","","https://archiveofourown.org/javascripts/rails.js","preload","","https://archiveofourown.org/javascripts/application.js","preload","","https://archiveofourown.org/javascripts/bootstrap/bootstrap-dropdown.min.js","preload","","https://archiveofourown.org/javascripts/jquery-shuffle.js","preload","","https://archiveofourown.org/javascripts/jquery.tokeninput.min.js","preload","","https://archiveofourown.org/javascripts/jquery.trap.min.js","preload","","https://archiveofourown.org/javascripts/ao3modal.min.js","preload","","https://archiveofourown.org/javascripts/js.cookie.min.js","preload","","https://archiveofourown.org/javascripts/filters.min.js","preload",""
"https://mipdf.com/%20%20%20%20%20%20%20%20%20%20%20%20%20%20%20%20%20%20%20%20%20%20%20%20%20%20%20%20%20%20%20%20%20%20%200Redirecttext/html%20%20%20%20%20%20%20%20%20%20%20%20%20%20%20%20%20%20403Forbidden","0"
