"URL","# Redirects","Redirect Class","Type 1","Code 1","Status 1","Redirect URL 1","Type 2","Code 2","Status 2","Redirect URL 2","Type 3","Code 3","Status 3","Redirect URL 3","Type 4","Code 4","Status 4","Redirect URL 4","Type 5","Code 5","Status 5","Redirect URL 5","Type 6","Code 6","Status 6","Redirect URL 6","Type 7","Code 7","Status 7","Redirect URL 7","Type 8","Code 8","Status 8","Redirect URL 8","Type 9","Code 9","Status 9","Redirect URL 9","Type 10","Code 10","Status 10","Redirect URL 10"
"https://convert.files/%20%20%20%20%20%20%20%20%20%20%20%20%20%20%20%20%20%20%20%20%20%20%20%200Redirect%20%20%20%20%20%20%20%20%20%20%20%20%20%20%20%20%20%20%20%20%20%20%20%20%20%20%20%20%20Resolved","0","No Redirect","","","Name Not Resolved",""
"https://pdfalpha.com/%20%20%20%20%20%20%20%20%20%20%20%20%20%20%20%20%20%20%20%20%20%20%20%20%200Redirect%20%20%20%20%20%20%20%20%20%20%20%20%20%20%20%20%20%20%20%20%20%20%20%20%20%20%20%20%20Resolved","0","No Redirect","","","Name Not Resolved",""
"https://epub-converter.com/%20%20%20%20%20%20%20%20%20%20%20%20%20%20%20%20%20%20%200Redirect%20%20%20%20%20%20%20%20%20%20%20%20%20%20%20%20%20%20%20%20%20%20%20%20%20%20%20%20%20Resolved","0","No Redirect","","","Name Not Resolved",""
"https://reddit.com/r/writing%20%20%20%20%20%20%20%20%20%20%20%20%20%20%20%20%200Redirecttext/html%20%20%20%20%20%20%20%20%20%20%20%20%20%20%20%20%20%20403Blocked","0","No Redirect","text/html","403","Blocked",""
"https://qz.com/%20%20%20%20%20%20%20%20%20%20%20%20%20%20%20%20%20%20%20%20%20%20%20%20%20%20%20%20%20%200Redirectcharset=UTF-8%20%20%20%20%20%20%20%20%20%20%20%20%20%20403Forbidden","0","No Redirect","text/html; charset=UTF-8","403","Forbidden",""
"https://cloudconvert.com/%20%20%20%20%20%20%20%20%20%20%20%20%20%20%20%20%20%20%20%20%200Redirecttext/html;%20charset=utf-8%20200OK","0","No Redirect","text/html; charset=utf-8","404","Not Found",""
"https://onlinefontconverter.com/%20%20%20%20%20%20%20%20%20%20%20%20%20%200Redirectcharset=UTF-8%20%20%20%20%20%20%20%20%20%20%20%20%20530%3Cnone%3E","0","No Redirect","text/plain; charset=UTF-8","530","<none>",""
"https://fastcompany.com/%20%20%20%20%20%20%20%20%20%20%20%20%20%20%20%20%20%20%20%20%200Redirecttext/html;charset=utf-8%20%20%20%20403Forbidden","0","No Redirect","text/html;charset=utf-8","403","Forbidden",""
"https://online-audio-converter.com/%20%20%20%20%20%20%20%20%20%20%200Redirectcharset=UTF-8%20%20%20%20%20%20%20%20%20%20%20%20%20200OK","0","No Redirect","text/html; charset=UTF-8","404","Not Found",""
"https://y2mate.is/%20%20%20%20%20%20%20%20%20%20%20%20%20%20%20%20%20%20%20%20%20%20%20%20%20%20%20%201Redirecttext/html;%20charset=utf-8%20301Permanently%20%20%20%20%20https://en1.y2mate.is/x213/","0","No Redirect","text/html; charset=UTF-8","404","Not Found",""
"https://smallpdf.com/%20%20%20%20%20%20%20%20%20%20%20%20%20%20%20%20%20%20%20%20%20%20%20%20%200Redirecttext/html;%20charset=utf-8%20200OK","0","No Redirect","text/html; charset=utf-8","404","Not Found",""
"https://inc.com/%20%20%20%20%20%20%20%20%20%20%20%20%20%20%20%20%20%20%20%20%20%20%20%20%20%20%20%20%200Redirecttext/html;charset=utf-8%20%20%20%20403Forbidden","0","No Redirect","text/html;charset=utf-8","403","Forbidden",""
"https://pdfresizer.com/%20%20%20%20%20%20%20%20%20%20%20%20%20%20%20%20%20%20%20%20%20%20%200Redirectcharset=UTF-8%20%20%20%20%20%20%20%20%20%20%20%20%20200OK","0","No Redirect","text/html; charset=UTF-8","404","Not Found",""
"https://convertio.co/%20%20%20%20%20%20%20%20%20%20%20%20%20%20%20%20%20%20%20%20%20%20%20%20%200Redirectcharset=UTF-8%20%20%20%20%20%20%20%20%20%20%20%20%20200OK","0","No Redirect","text/html; charset=UTF-8","404","Not Found",""
"https://google.com/%20%20%20%20%20%20%20%20%20%20%20%20%20%20%20%20%20%20%20%20%20%20%20%20%20%20%201Redirectcharset=UTF-8%20%20%20%20%20%20%20%20%20%20%20%20%20301Permanently%20%20%20%20https://www.google.com/","0","No Redirect","text/html; charset=UTF-8","404","Not Found",""
"https://gchq.github.io/CyberChef%20%20%20%20%20%20%20%20%20%20%20%20%201Redirecttext/html%20%20%20%20%20%20%20%20%20%20%20%20%20%20%20%20%20%20301Permanently%20%20%20%20https://gchq.github.io/CyberChef/","0","No Redirect","text/html; charset=utf-8","404","Not Found",""
"https://search.brave.com/%20%20%20%20%20%20%20%20%20%20%20%20%20%20%20%20%20%20%20%20%200Redirecttext/html;%20charset=utf-8%20200OK","0","No Redirect","text/html; charset=utf-8","404","Not Found",""
"https://searx.space/%20%20%20%20%20%20%20%20%20%20%20%20%20%20%20%20%20%20%20%20%20%20%20%20%20%200Redirecttext/html;%20charset=utf-8%20200OK","0","No Redirect","","404","Not Found",""
"https://tools.pdf24.org/%20%20%20%20%20%20%20%20%20%20%20%20%20%20%20%20%20%20%20%20%20%201Redirectcharset=UTF-8%20%20%20%20%20%20%20%20%20%20%20%20%20301Permanently%20%20%20%20https://tools.pdf24.org/en/","1","Single Redirect","text/html; charset=UTF-8","301","Moved Permanently","https://tools.pdf24.org/en/%20%20%20%20%20%20%20%20%20%20%20%20%20%20%20%20%20%20%20%20%20%201Redirectcharset=UTF-8%20%20%20%20%20%20%20%20%20%20%20%20%20301Permanently%20%20%20%20https:/tools.pdf24.org/en/","text/html; charset=UTF-8","404","Not Found",""
"https://ezgif.com/%20%20%20%20%20%20%20%20%20%20%20%20%20%20%20%20%20%20%20%20%20%20%20%20%20%20%20%200Redirectcharset=UTF-8%20%20%20%20%20%20%20%20%20%20%20%20%20200OK","1","Single Redirect","text/html; charset=UTF-8","302","Found","https://ezgif.com/","text/html; charset=UTF-8","200","OK",""
"https://pdfaid.com/%20%20%20%20%20%20%20%20%20%20%20%20%20%20%20%20%20%20%20%20%20%20%20%20%20%200Redirecttext/html;%20charset=utf-8%20%20%20200OK","0","No Redirect","text/html; charset=utf-8","404","Not Found",""
"https://transfonter.org/%20%20%20%20%20%20%20%20%20%20%20%20%20%20%20%20%20%20%20%20%20%200Redirectcharset=UTF-8%20%20%20%20%20%20%20%20%20%20%20%20%20200OK","0","No Redirect","text/html; charset=UTF-8","404","Not Found",""
"https://video-converter.com/%20%20%20%20%20%20%20%20%20%20%20%20%20%20%20%20%20%200Redirectcharset=UTF-8%20%20%20%20%20%20%20%20%20%20%20%20%20200OK","0","No Redirect","text/html; charset=UTF-8","404","Not Found",""
"https://flipboard.com/%20%20%20%20%20%20%20%20%20%20%20%20%20%20%20%20%20%20%20%20%20%20%200Redirecttext/html%20%20%20%20%20%20%20%20%20%20%20%20%20%20%20%20%20%20403Forbidden","0","No Redirect","text/html","403","Forbidden",""
"https://sqlizer.io/%20%20%20%20%20%20%20%20%20%20%20%20%20%20%20%20%20%20%20%20%20%20%20%20%20%20%200Redirect%20%20%20%20%20%20%20%20%20%20%20%20%20%20%20%20%20%20%20%20%20%20%20%20%20%20%20%20%20Resolved","0","No Redirect","","","Name Not Resolved",""
"https://medium.com/topics%20%20%20%20%20%20%20%20%20%20%20%20%20%20%20%20%20%20%20%200Redirectcharset=UTF-8%20%20%20%20%20%20%20%20%20%20%20%20%20%20403Forbidden","0","No Redirect","text/html; charset=UTF-8","403","Forbidden",""
"https://level.medium.com/%20%20%20%20%20%20%20%20%20%20%20%20%20%20%20%20%20%20%20%200Redirectcharset=UTF-8%20%20%20%20%20%20%20%20%20%20%20%20%20%20403Forbidden","0","No Redirect","text/html; charset=UTF-8","403","Forbidden",""
"https://pdf.io/%20%20%20%20%20%20%20%20%20%20%20%20%20%20%20%20%20%20%20%20%20%20%20%20%20%20%20%20%20%20%200Redirectcharset=UTF-8%20%20%20%20%20%20%20%20%20%20%20%20%20200OK","0","No Redirect","text/html; charset=UTF-8","404","Not Found",""
"https://sejda.com/%20%20%20%20%20%20%20%20%20%20%20%20%20%20%20%20%20%20%20%20%20%20%20%20%20%20%20%201Redirect%20%20%20%20%20%20%20%20%20%20%20%20%20%20%20%20%20%20%20%20%20%20%20%20%20%20301Permanently%20%20%20%20https://www.sejda.com/","1","Single Redirect","","301","Moved Permanently","https://www.sejda.com/%20%20%20%20%20%20%20%20%20%20%20%20%20%20%20%20%20%20%20%20%20%20%20%20%20%20%20%201Redirect%20%20%20%20%20%20%20%20%20%20%20%20%20%20%20%20%20%20%20%20%20%20%20%20%20%20301Permanently%20%20%20%20https:/www.sejda.com/","text/html;charset=utf-8","404","Not Found",""
"https://yandex.com/%20%20%20%20%20%20%20%20%20%20%20%20%20%20%20%20%20%20%20%20%20%20%20%20%20%20%200Redirectcharset=UTF-8%20%20%20%20%20%20%20%20%20%20%20%20%20200Ok","0","No Redirect","text/html; charset=utf-8","404","Not Found",""
"https://freefileconvert.com/%20%20%20%20%20%20%20%20%20%20%20%20%20%20%20%20%20%200Redirectcharset=UTF-8%20%20%20%20%20%20%20%20%20%20%20%20%20200OK","0","No Redirect","text/html; charset=UTF-8","404","Not Found",""
"https://sodapdf.com/%20%20%20%20%20%20%20%20%20%20%20%20%20%20%20%20%20%20%20%20%20%20%20%20%201Redirect%20%20%20%20%20%20%20%20%20%20%20%20%20%20%20%20%20%20%20%20%20%20%20%20%20%20%20301Permanently%20%20%20%20https://www.sodapdf.com/","1","Single Redirect","","301","Moved Permanently","https://www.sodapdf.com/%20%20%20%20%20%20%20%20%20%20%20%20%20%20%20%20%20%20%20%20%20%20%20%20%201Redirect%20%20%20%20%20%20%20%20%20%20%20%20%20%20%20%20%20%20%20%20%20%20%20%20%20%20%20301Permanently%20%20%20%20https:/www.sodapdf.com/","text/html; charset=utf-8","404","Not Found",""
"https://convert-video-online.com/%20%20%20%20%20%20%20%20%20%20%20%20%201Redirect%20%20%20%20%20%20%20%20%20%20%20%20%20%20%20%20%20%20%20%20%20%20%20%20%20%20301Permanently%20%20%20%20https://video-converter.com/","1","Single Redirect","","301","Moved Permanently","https://video-converter.com/%20%20%20%20%20%20%20%20%20%20%20%20%201Redirect%20%20%20%20%20%20%20%20%20%20%20%20%20%20%20%20%20%20%20%20%20%20%20%20%20%20301Permanently%20%20%20%20https:/video-converter.com/","text/html; charset=UTF-8","404","Not Found",""
"https://hashnode.com/%20%20%20%20%20%20%20%20%20%20%20%20%20%20%20%20%20%20%20%20%20%20%20%200Redirecttext/html;%20charset=utf-8%20%20%20200OK","0","No Redirect","text/html; charset=utf-8","404","Not Found",""
"https://vox.com/%20%20%20%20%20%20%20%20%20%20%20%20%20%20%20%20%20%20%20%20%20%20%20%20%20%20%20%20%201Redirect%20%20%20%20%20%20%20%20%20%20%20%20%20%20%20%20%20%20%20%20%20%20%20%20%20%20%20301Permanently%20%20%20%20https://www.vox.com/","1","Single Redirect","","301","Moved Permanently","https://www.vox.com/%20%20%20%20%20%20%20%20%20%20%20%20%20%20%20%20%20%20%20%20%20%20%20%20%20%20%20%20%201Redirect%20%20%20%20%20%20%20%20%20%20%20%20%20%20%20%20%20%20%20%20%20%20%20%20%20%20%20301Permanently%20%20%20%20https://www.vox.com/","text","420","X-Forbidden",""
"https://iloveimg.com/%20%20%20%20%20%20%20%20%20%20%20%20%20%20%20%20%20%20%20%20%20%20%20%20%201Redirecttext/html%20%20%20%20%20%20%20%20%20%20%20%20%20%20%20%20%20301Permanently%20%20%20%20https://www.iloveimg.com/","2","Redirect Chain","text/html","301","Moved Permanently","https://www.iloveimg.com/%20%20%20%20%20%20%20%20%20%20%20%20%20%20%20%20%20%20%20%20%20%20%20%20%201Redirecttext/html%20%20%20%20%20%20%20%20%20%20%20%20%20%20%20%20%20301Permanently%20%20%20%20https://www.iloveimg.com/","text/html","301","Moved Permanently","https://www.iloveimg.com/%20%20%20%20%20%20%20%20%20%20%20%20%20%20%20%20%20%20%20%20%20%20%20%20%201Redirecttext/html%20%20%20%20%20%20%20%20%20%20%20%20%20%20%20%20%20301Permanently%20%20%20%20https:/www.iloveimg.com","text/html; charset=UTF-8","404","Not Found",""
"https://duckduckgo.com/%20%20%20%20%20%20%20%20%20%20%20%20%20%20%20%20%20%20%20%20%20%20%200Redirectcharset=UTF-8%20%20%20%20%20%20%20%20%20%20%20%20%20200OK","1","Single Redirect","text/html","302","Moved Temporarily","https://duckduckgo.com/?q=%20%20%20%20%20%20%20%20%20%20%20%20%20%20%20%20%20%20%20%20%20%20%200Redirectcharset=UTF-8%20%20%20%20%20%20%20%20%20%20%20%20%20200OK&&rpl=1","text/html; charset=UTF-8","202","Accepted",""
"https://anyconv.com/%20%20%20%20%20%20%20%20%20%20%20%20%20%20%20%20%20%20%20%20%20%20%20%20%20%200Redirectcharset=UTF-8%20%20%20%20%20%20%20%20%20%20%20%20%20200OK","1","Single Redirect","text/html","301","Moved Permanently","https://anyconv.com/                          0Redirectcharset=UTF-8             200OK/","text/html; charset=UTF-8","404","Not Found",""
"https://theverge.com/%20%20%20%20%20%20%20%20%20%20%20%20%20%20%20%20%20%20%20%20%20%20%20%201Redirect%20%20%20%20%20%20%20%20%20%20%20%20%20%20%20%20%20%20%20%20%20%20%20%20%20%20%20301Permanently%20%20%20%20https://www.theverge.com/","1","Single Redirect","","301","Moved Permanently","https://www.theverge.com/%20%20%20%20%20%20%20%20%20%20%20%20%20%20%20%20%20%20%20%20%20%20%20%201Redirect%20%20%20%20%20%20%20%20%20%20%20%20%20%20%20%20%20%20%20%20%20%20%20%20%20%20%20301Permanently%20%20%20%20https://www.theverge.com/","text","420","X-Forbidden",""
"https://qwant.com/%20%20%20%20%20%20%20%20%20%20%20%20%20%20%20%20%20%20%20%20%20%20%20%20%20%20%20%201Redirecttext/html%20%20%20%20%20%20%20%20%20%20%20%20%20%20%20%20%20302Temporarily%20%20%20%20https://www.qwant.com/","1","Single Redirect","text/html","302","Moved Temporarily","https://www.qwant.com/","text/html; charset=utf-8","200","OK",""
"https://3d-convert.com/%20%20%20%20%20%20%20%20%20%20%20%20%20%20%20%20%20%20%20%20%20%202Chain%20text/html%20%20%20%20%20%20%20%20%20%20%20%20%20%20%20%20%20%20%20%20301Permanently%20%20%20%20http://3d-convert.com/en/","2","Redirect Chain","text/html","301","Moved Permanently","http://3d-convert.com/en/                      2Chain text/html                    301Permanently    http:/3d-convert.com/en/","text/html","302","Moved Temporarily","https://3d-convert.com/en/%20%20%20%20%20%20%20%20%20%20%20%20%20%20%20%20%20%20%20%20%20%202Chain%20text/html%20%20%20%20%20%20%20%20%20%20%20%20%20%20%20%20%20%20%20%20301Permanently%20%20%20%20http:/3d-convert.com/en/","text/html","404","Not Found",""
"https://meet.jit.si/%20%20%20%20%20%20%20%20%20%20%20%20%20%20%20%20%20%20%20%20%20%20%20%20%20%20%20%20%20%20%20%20%200Redirecttext/html%20%20%20%20%20%20%20%20%20%20%20%20%20%20%20%20%20%20200OK","0","No Redirect","text/html","200","OK",""
"https://pdfpro.com/%20%20%20%20%20%20%20%20%20%20%20%20%20%20%20%20%20%20%20%20%20%20%20%20%20%20%200Redirecttext/html;%20charset=utf-8%20200OK","0","No Redirect","text/html; charset=utf-8","404","Not Found",""
"https://wiby.me/%20%20%20%20%20%20%20%20%20%20%20%20%20%20%20%20%20%20%20%20%20%20%20%20%20%20%20%20%20%200Redirecttext/html;%20charset=utf-8%20200OK","0","No Redirect","text/html","404","Not Found",""
"https://office-converter.com/%20%20%20%20%20%20%20%20%20%20%20%20%20%20%20%20%201Redirect%20%20%20%20%20%20%20%20%20%20%20%20%20%20%20%20%20%20%20%20%20%20%20%20%20%20301Permanently%20%20%20%20https://www.office-converter.com/","1","Single Redirect","","301","Moved Permanently","https://www.office-converter.com/%20%20%20%20%20%20%20%20%20%20%20%20%20%20%20%20%201Redirect%20%20%20%20%20%20%20%20%20%20%20%20%20%20%20%20%20%20%20%20%20%20%20%20%20%20301Permanently%20%20%20%20https:/www.office-converter.com/","text/html","403","Forbidden",""
"https://hackernoon.com/%20%20%20%20%20%20%20%20%20%20%20%20%20%20%20%20%20%20%20%20%20%20%20%20%20%20%20%20%20%200Redirecttext/html;%20charset=utf-8%20%20%20200OK","0","No Redirect","text/html; charset=utf-8","404","Not Found",""
"https://betterhumans.pub/%20%20%20%20%20%20%20%20%20%20%20%20%20%20%20%20%20%20%20%20%20%20%20%20%20%20%20%200Redirectcharset=UTF-8%20%20%20%20%20%20%20%20%20%20%20%20%20%20403Forbidden","0","No Redirect","text/html; charset=UTF-8","403","Forbidden",""
"https://aeon.co/%20%20%20%20%20%20%20%20%20%20%20%20%20%20%20%20%20%20%20%20%20%20%20%20%20%20%20%20%20%20%20%20%20%20%20%20%200Redirecttext/html;%20charset=utf-8%20%20%20429Requests","0","No Redirect","text/html; charset=utf-8","429","Too Many Requests",""
"https://pdf2go.com/%20%20%20%20%20%20%20%20%20%20%20%20%20%20%20%20%20%20%20%20%20%20%20%20%20%201Redirect%20%20%20%20%20%20%20%20%20%20%20%20%20%20%20%20%20%20%20%20%20%20%20%20%20%20%20301Permanently%20%20%20%20https://www.pdf2go.com/","1","Single Redirect","","301","Moved Permanently","https://www.pdf2go.com/%20%20%20%20%20%20%20%20%20%20%20%20%20%20%20%20%20%20%20%20%20%20%20%20%20%201Redirect%20%20%20%20%20%20%20%20%20%20%20%20%20%20%20%20%20%20%20%20%20%20%20%20%20%20%20301Permanently%20%20%20%20https:/www.pdf2go.com/","text/html; charset=UTF-8","404","Not Found",""
"https://substack.com/%20%20%20%20%20%20%20%20%20%20%20%20%20%20%20%20%20%20%20%20%20%20%20%20%20%20%20%20%20%20%20%200Redirecttext/html;%20charset=utf-8%20%20%20200OK","0","No Redirect","text/html; charset=utf-8","404","Not Found",""
"https://ocr2edit.com/%20%20%20%20%20%20%20%20%20%20%20%20%20%20%20%20%20%20%20%20%20%20%20%20%201Redirect%20%20%20%20%20%20%20%20%20%20%20%20%20%20%20%20%20%20%20%20%20%20%20%20%20%20301Permanently%20%20%20%20https://www.ocr2edit.com/","1","Single Redirect","","301","Moved Permanently","https://www.ocr2edit.com/%20%20%20%20%20%20%20%20%20%20%20%20%20%20%20%20%20%20%20%20%20%20%20%20%201Redirect%20%20%20%20%20%20%20%20%20%20%20%20%20%20%20%20%20%20%20%20%20%20%20%20%20%20301Permanently%20%20%20%20https:/www.ocr2edit.com/","text/html; charset=UTF-8","404","Not Found",""
"https://imageonline.co/%20%20%20%20%20%20%20%20%20%20%20%20%20%20%20%20%20%20%20%20%20%20%200Redirectcharset=UTF-8%20%20%20%20%20%20%20%20%20%20%20%20%20200OK","0","No Redirect","text/html; charset=UTF-8","200","OK",""
"https://wetransfer.com/%20%20%20%20%20%20%20%20%20%20%20%20%20%20%20%20%20%20%20%20%20%20%20%20%20%20%20%20%20%200Redirecttext/html;%20charset=utf-8%20%20%20200OK","0","No Redirect","text/html; charset=utf-8","404","Not Found",""
"https://formswift.com/%20%20%20%20%20%20%20%20%20%20%20%20%20%20%20%20%20%20%20%20%20%20%20%20%20%20%20%20%20%20%200Redirecttext/html;%20charset=utf-8%20%20%20200OK","0","No Redirect","text/html; charset=iso-8859-1","403","Forbidden",""
"https://towardsdatascience.com/%20%20%20%20%20%20%20%20%20%20%20%20%20%20%20%20%20%20%20%20%20%200Redirectcharset=UTF-8%20%20%20%20%20%20%20%20%20%20%20%20%20%20200OK","0","No Redirect","text/html; charset=UTF-8","404","Not Found",""
"https://online-convert.com/%20%20%20%20%20%20%20%20%20%20%20%20%20%20%20%20%20%20%201Redirect%20%20%20%20%20%20%20%20%20%20%20%20%20%20%20%20%20%20%20%20%20%20%20%20%20%20301Permanently%20%20%20%20https://www.online-convert.com/","2","Redirect Chain","","301","Moved Permanently","https://www.online-convert.com/%20%20%20%20%20%20%20%20%20%20%20%20%20%20%20%20%20%20%201Redirect%20%20%20%20%20%20%20%20%20%20%20%20%20%20%20%20%20%20%20%20%20%20%20%20%20%20301Permanently%20%20%20%20https:/www.online-convert.com/","text/html; charset=utf-8","301","Moved Permanently","https://www.online-convert.com/%20%20%20%20%20%20%20%20%20%20%20%20%20%20%20%20%20%20%201redirect%20%20%20%20%20%20%20%20%20%20%20%20%20%20%20%20%20%20%20%20%20%20%20%20%20%20301permanently%20%20%20%20https:/www.online-convert.com/","text/html; charset=UTF-8","404","Not Found",""
"https://avepdf.com/%20%20%20%20%20%20%20%20%20%20%20%20%20%20%20%20%20%20%20%20%20%20%20%20%20%20%200Redirecttext/html%20%20%20%20%20%20%20%20%20%20%20%20%20%20%20%20%20200OK","0","No Redirect","text/html","404","Not Found",""
"https://ilovepdf.com/%20%20%20%20%20%20%20%20%20%20%20%20%20%20%20%20%20%20%20%20%20%20%20%20%201Redirecttext/html%20%20%20%20%20%20%20%20%20%20%20%20%20%20%20%20%20301Permanently%20%20%20%20https://www.ilovepdf.com/","2","Redirect Chain","text/html","301","Moved Permanently","https://www.ilovepdf.com/%20%20%20%20%20%20%20%20%20%20%20%20%20%20%20%20%20%20%20%20%20%20%20%20%201Redirecttext/html%20%20%20%20%20%20%20%20%20%20%20%20%20%20%20%20%20301Permanently%20%20%20%20https://www.ilovepdf.com/","text/html","301","Moved Permanently","https://www.ilovepdf.com/%20%20%20%20%20%20%20%20%20%20%20%20%20%20%20%20%20%20%20%20%20%20%20%20%201Redirecttext/html%20%20%20%20%20%20%20%20%20%20%20%20%20%20%20%20%20301Permanently%20%20%20%20https:/www.ilovepdf.com","text/html; charset=UTF-8","404","Not Found",""
"https://signal.org/%20%20%20%20%20%20%20%20%20%20%20%20%20%20%20%20%20%20%20%20%20%20%20%20%20%20%20%20%20%20%20%20%20%200Redirecttext/html;%20charset=utf-8%20%20%20200OK","0","No Redirect","text/html; charset=utf-8","404","Not Found",""
"https://docupub.com/%20%20%20%20%20%20%20%20%20%20%20%20%20%20%20%20%20%20%20%20%20%20%20%20%201Redirecttext/html%20%20%20%20%20%20%20%20%20%20%20%20%20%20%20%20%20%20302Object%20moved%20%20%20https://docupub.com/pdfconvert/","0","No Redirect","text/html; charset=utf-8","400","Bad Request",""
"https://deftpdf.com/%20%20%20%20%20%20%20%20%20%20%20%20%20%20%20%20%20%20%20%20%20%20%20%20%20%20%20%20%20%20%20%20%200Redirecttext/html;%20charset=utf-8%20%20%20200OK","0","No Redirect","text/html; charset=utf-8","404","Not Found",""
"https://lifehacker.com/%20%20%20%20%20%20%20%20%20%20%20%20%20%20%20%20%20%20%20%20%20%200Redirectcharset=UTF-8%20%20%20%20%20%20%20%20%20%20%20%20%20%20200OK","0","No Redirect","text/html; charset=UTF-8","404","Not Found",""
"https://svgtopng.com/%20%20%20%20%20%20%20%20%20%20%20%20%20%20%20%20%20%20%20%20%20%20%20%20%20%20%20%20%20%20%20%200Redirecttext/html;%20charset=utf-8%20%20%20200OK","0","No Redirect","text/html; charset=utf-8","404","Not Found",""
"https://discord.com/%20%20%20%20%20%20%20%20%20%20%20%20%20%20%20%20%20%20%20%20%20%20%20%20%20%20%20%20%20%20%20%20%200Redirecttext/html;%20charset=utf-8%20%20%20200OK","0","No Redirect","text/html","404","Not Found",""
"https://cryptpad.fr/%20%20%20%20%20%20%20%20%20%20%20%20%20%20%20%20%20%20%20%20%20%20%20%20%20%20%20%20%20%20%20%20%200Redirecttext/html;%20charset=utf-8%20%20%20200OK","0","No Redirect","text/html; charset=utf-8","404","Not Found",""
"https://cleverpdf.com/%20%20%20%20%20%20%20%20%20%20%20%20%20%20%20%20%20%20%20%20%20%20%20%20%20%20%20%20%20%20%201Redirect%20%20%20%20%20%20%20%20%20%20%20%20%20%20%20%20%20%20%20%20%20%20%20%20%20%20%20301Permanently%20%20%20https://www.cleverpdf.com/","2","Redirect Chain","","301","Moved Permanently","https://www.cleverpdf.com/%20%20%20%20%20%20%20%20%20%20%20%20%20%20%20%20%20%20%20%20%20%20%20%20%20%20%20%20%20%20%201Redirect%20%20%20%20%20%20%20%20%20%20%20%20%20%20%20%20%20%20%20%20%20%20%20%20%20%20%20301Permanently%20%20%20https:/www.cleverpdf.com/","","301","Moved Permanently","https://www.cleverpdf.com/%20%20%20%20%20%20%20%20%20%20%20%20%20%20%20%20%20%20%20%20%20%20%20%20%20%20%20%20%20%20%201Redirect%20%20%20%20%20%20%20%20%20%20%20%20%20%20%20%20%20%20%20%20%20%20%20%20%20%20%20301Permanently%20%20%20https:/www.cleverpdf.com","text/html;charset=UTF-8","404","Not Found",""
"https://freeconvert.com/%20%20%20%20%20%20%20%20%20%20%20%20%20%20%20%20%20%20%20%20%20%201Redirect%20%20%20%20%20%20%20%20%20%20%20%20%20%20%20%20%20%20%20%20%20%20%20%20%20%20301Permanently%20%20%20%20https://www.freeconvert.com/","1","Single Redirect","","301","Moved Permanently","https://www.freeconvert.com/%20%20%20%20%20%20%20%20%20%20%20%20%20%20%20%20%20%20%20%20%20%201Redirect%20%20%20%20%20%20%20%20%20%20%20%20%20%20%20%20%20%20%20%20%20%20%20%20%20%20301Permanently%20%20%20%20https:/www.freeconvert.com/","text/html; charset=utf-8","404","Not Found",""
"https://streamable.com/%20%20%20%20%20%20%20%20%20%20%20%20%20%20%20%20%20%20%20%20%20%20%20%20%20%20%20%20%20%200Redirecttext/html;%20charset=utf-8%20%20%20200OK","0","No Redirect","text/html; charset=utf-8","404","NOT FOUND",""
"https://notion.so/%20%20%20%20%20%20%20%20%20%20%20%20%20%20%20%20%20%20%20%20%20%20%20%20%20%20%20%20%20%20%20%20%20%20%201Redirecttext/html%20%20%20%20%20%20%20%20%20%20%20%20%20%20%20%20%20%20301Permanently%20%20%20https://www.notion.so/","1","Single Redirect","text/html","301","Moved Permanently","https://www.notion.so/%20%20%20%20%20%20%20%20%20%20%20%20%20%20%20%20%20%20%20%20%20%20%20%20%20%20%20%20%20%20%20%20%20%20%201Redirecttext/html%20%20%20%20%20%20%20%20%20%20%20%20%20%20%20%20%20%20301Permanently%20%20%20https:/www.notion.so/","text/html; charset=UTF-8","403","Forbidden",""
"https://onlineconvertfree.com/%20%20%20%20%20%20%20%20%20%20%20%20%20%20%20%200Redirecttext/html;%20charset=utf-8%20200OK","1","Single Redirect","","308","Permanent Redirect","https://onlineconvertfree.com/%20%20%20%20%20%20%20%20%20%20%20%20%20%20%20%200Redirecttext/html;%20charset=utf-8%20200OK/","text/html; charset=utf-8","404","Not Found",""
"https://mega.nz/%20%20%20%20%20%20%20%20%20%20%20%20%20%20%20%20%20%20%20%20%20%20%20%20%20%20%20%20%20%20%20%20%20%20%20%20%200Redirecttext/html%20%20%20%20%20%20%20%20%20%20%20%20%20%20%20%20%20%20200OK","0","No Redirect","text/html","200","OK",""
"https://proton.me/%20%20%20%20%20%20%20%20%20%20%20%20%20%20%20%20%20%20%20%20%20%20%20%20%20%20%20%20%20%20%20%20%20%20%200Redirecttext/html;%20charset=utf-8%20%20%20200OK","0","No Redirect","text/html; charset=utf-8","404","Not Found",""
"https://theatlantic.com/%20%20%20%20%20%20%20%20%20%20%20%20%20%20%20%20%20%20%20%20%20%20%20%20%20%20%20%20%202Chain%20%20%20%20%20%20%20%20%20%20%20%20%20%20%20%20%20%20%20%20%20%20%20%20%20%20%20%20%20%20301Permanently%20%20%20https://www.theatlantic.com/","1","Single Redirect","","301","Moved Permanently","https://www.theatlantic.com/%20%20%20%20%20%20%20%20%20%20%20%20%20%20%20%20%20%20%20%20%20%20%20%20%20%20%20%20%202Chain%20%20%20%20%20%20%20%20%20%20%20%20%20%20%20%20%20%20%20%20%20%20%20%20%20%20%20%20%20%20301Permanently%20%20%20https://www.theatlantic.com/","text/html; charset=utf-8","404","Not Found",""
"https://dev.to/%20%20%20%20%20%20%20%20%20%20%20%20%20%20%20%20%20%20%20%20%20%20%20%20%20%20%20%20%20%20%20%20%20%20%20%20%20%200Redirecttext/html;%20charset=utf-8%20%20%20200OK","0","No Redirect","text/html; charset=UTF-8","404","Not Found",""
"https://trello.com/%20%20%20%20%20%20%20%20%20%20%20%20%20%20%20%20%20%20%20%20%20%20%20%20%20%20%20%20%20%20%20%20%20%200Redirecttext/html;%20charset=utf-8%20%20%20200OK","0","No Redirect","text/html","400","Bad Request",""
"https://canva.com/%20%20%20%20%20%20%20%20%20%20%20%20%20%20%20%20%20%20%20%20%20%20%20%20%20%20%20%20%20%20%20%20%20%20%201Redirect%20%20%20%20%20%20%20%20%20%20%20%20%20%20%20%20%20%20%20%20%20%20%20%20%20%20%20301Permanently%20%20%20https://www.canva.com/","1","Single Redirect","","301","Moved Permanently","https://www.canva.com/%20%20%20%20%20%20%20%20%20%20%20%20%20%20%20%20%20%20%20%20%20%20%20%20%20%20%20%20%20%20%20%20%20%20%201Redirect%20%20%20%20%20%20%20%20%20%20%20%20%20%20%20%20%20%20%20%20%20%20%20%20%20%20%20301Permanently%20%20%20https://www.canva.com/","text/html; charset=UTF-8","403","Forbidden",""
"https://search.marginalia.nu/%20%20%20%20%20%20%20%20%20%20%20%20%20%20%20%201Redirecttext/html%20%20%20%20%20%20%20%20%20%20%20%20%20%20%20%20%20%20302Temporarily%20%20%20%20https://marginalia-search.com/","1","Single Redirect","text/html","302","Moved Temporarily","https://marginalia-search.com/%20%20%20%20%20%20%20%20%20%20%20%20%20%20%20%201Redirecttext/html%20%20%20%20%20%20%20%20%20%20%20%20%20%20%20%20%20%20302Temporarily%20%20%20%20https:/marginalia-search.com/","text/plain","404","Not Found",""
"https://ps2pdf.com/%20%20%20%20%20%20%20%20%20%20%20%20%20%20%20%20%20%20%20%20%20%20%20%20%20%201Redirect%20%20%20%20%20%20%20%20%20%20%20%20%20%20%20%20%20%20%20%20%20%20%20%20%20%20%20301Permanently%20%20%20%20https://www.xconvert.com/","3","Redirect Chain","","301","Moved Permanently","https://www.xconvert.com/%20%20%20%20%20%20%20%20%20%20%20%20%20%20%20%20%20%20%20%20%20%20%20%20%20%201Redirect%20%20%20%20%20%20%20%20%20%20%20%20%20%20%20%20%20%20%20%20%20%20%20%20%20%20%20301Permanently%20%20%20%20https:/www.xconvert.com/","text/html","301","Moved Permanently","http://www.xconvert.com/                          1Redirect                           301Permanently    https:/www.xconvert.com","","301","Moved Permanently","https://www.xconvert.com/%20%20%20%20%20%20%20%20%20%20%20%20%20%20%20%20%20%20%20%20%20%20%20%20%20%201Redirect%20%20%20%20%20%20%20%20%20%20%20%20%20%20%20%20%20%20%20%20%20%20%20%20%20%20%20301Permanently%20%20%20%20https:/www.xconvert.com","text/html","404","Not Found",""
"https://lightpdf.com/%20%20%20%20%20%20%20%20%20%20%20%20%20%20%20%20%20%20%20%20%20%20%20%20%20%20%20%20%20%20%20%200Redirecttext/html;%20charset=utf8%20%20%20%20200OK","0","No Redirect","text/html; charset=UTF-8","404","Not Found",""
"https://csvjson.com/csv2json%20%20%20%20%20%20%20%20%20%20%20%20%20%20%20%20%20%20%20%20%20%20%20%20%200Redirectcharset=UTF-8%20%20%20%20%20%20%20%20%20%20%20%20%20%20200OK","0","No Redirect","text/html; charset=UTF-8","400","Bad Request",""
"https://clockify.me/%20%20%20%20%20%20%20%20%20%20%20%20%20%20%20%20%20%20%20%20%20%20%20%20%20%20%20%20%20%20%20%20%200Redirecttext/html%20%20%20%20%20%20%20%20%20%20%20%20%20%20%20%20%20%20200OK","0","No Redirect","text/html","404","Not Found",""
"https://meshconvert.com/%20%20%20%20%20%20%20%20%20%20%20%20%20%20%20%20%20%20%20%20%20%20%20%20%20%20%20%20%201Redirect8859-1%20%20%20%20%20%20%20%20%20%20%20%20%20%20%20%20%20%20%20%20%20301Permanently%20%20%20https://www.meshconvert.com/","1","Single Redirect","text/html; charset=iso-8859-1","301","Moved Permanently","https://www.meshconvert.com/%20%20%20%20%20%20%20%20%20%20%20%20%20%20%20%20%20%20%20%20%20%20%20%20%20%20%20%20%201Redirect8859-1%20%20%20%20%20%20%20%20%20%20%20%20%20%20%20%20%20%20%20%20%20301Permanently%20%20%20https:/www.meshconvert.com/","text/html; charset=iso-8859-1","404","Not Found",""
"https://png.to/%20%20%20%20%20%20%20%20%20%20%20%20%20%20%20%20%20%20%20%20%20%20%20%20%20%20%20%20%20%201Redirecttext/html%20%20%20%20%20%20%20%20%20%20%20%20%20%20%20%20%20%20301Permanently%20%20%20%20https://www.png.to/","1","Single Redirect","text/html","301","Moved Permanently","https://www.png.to/%20%20%20%20%20%20%20%20%20%20%20%20%20%20%20%20%20%20%20%20%20%20%20%20%20%20%20%20%20%201Redirecttext/html%20%20%20%20%20%20%20%20%20%20%20%20%20%20%20%20%20%20301Permanently%20%20%20%20https://www.png.to/","text/html; charset=utf-8","404","Not Found",""
"https://simplelogin.io/%20%20%20%20%20%20%20%20%20%20%20%20%20%20%20%20%20%20%20%20%20%20%20%20%20%20%20%20%20%200Redirecttext/html%20%20%20%20%20%20%20%20%20%20%20%20%20%20%20%20%20%20200OK","0","No Redirect","text/html","404","Not Found",""
"https://theconversation.com/%20%20%20%20%20%20%20%20%20%20%20%20%20%20%20%20%20%20%20%20%20%20%20%20%201Redirecttext/html;%20charset=utf-8%20%20%20302Found%20%20%20%20%20%20%20%20%20https://theconversation.com/europe","0","No Redirect","text/html; charset=utf-8","404","Not Found",""
"https://element.io/%20%20%20%20%20%20%20%20%20%20%20%20%20%20%20%20%20%20%20%20%20%20%20%20%20%20%20%20%20%20%20%20%20%200Redirecttext/html;%20charset=utf-8%20%20%20200OK","0","No Redirect","text/html; charset=utf-8","404","Not Found",""
"https://coolutils.com/online%20%20%20%20%20%20%20%20%20%20%20%20%20%20%20%20%20%20%20%20%20%20%20%20%203Chain%208859-1%20%20%20%20%20%20%20%20%20%20%20%20%20%20%20%20%20%20%20%20%20%20%20301Permanently%20%20%20http://coolutils.com/online/","0","No Redirect","text/html","410","Gone",""
"https://scribd.com/%20%20%20%20%20%20%20%20%20%20%20%20%20%20%20%20%20%20%20%20%20%20%20%20%20%20%20%20%20%20%20%20%20%201Redirect%20%20%20%20%20%20%20%20%20%20%20%20%20%20%20%20%20%20%20%20%20%20%20%20%20%20%20302Found%20%20%20%20%20%20%20%20%20https://www.scribd.com/","2","Redirect Chain","","302","Found","https://www.scribd.com/%20%20%20%20%20%20%20%20%20%20%20%20%20%20%20%20%20%20%20%20%20%20%20%20%20%20%20%20%20%20%20%20%20%201Redirect%20%20%20%20%20%20%20%20%20%20%20%20%20%20%20%20%20%20%20%20%20%20%20%20%20%20%20302Found%20%20%20%20%20%20%20%20%20https://www.scribd.com/","text/html; charset=utf-8","301","Moved Permanently","https://www.scribd.com/%20%20%20%20%20%20%20%20%20%20%20%20%20%20%20%20%20%20%20%20%20%20%20%20%20%20%20%20%20%20%20%20%20%201Redirect%20%20%20%20%20%20%20%20%20%20%20%20%20%20%20%20%20%20%20%20%20%20%20%20%20%20%20302Found%20%20%20%20%20%20%20%20%20https:/www.scribd.com","text/html; charset=utf-8","404","Not Found",""
"https://raindrop.io/%20%20%20%20%20%20%20%20%20%20%20%20%20%20%20%20%20%20%20%20%20%20%20%20%20%20%20%20%20%20%20%20%200Redirecttext/html;%20charset=utf-8%20%20%20200OK","0","No Redirect","text/plain;charset=UTF-8","404","Not Found",""
"https://mashable.com/%20%20%20%20%20%20%20%20%20%20%20%20%20%20%20%20%20%20%20%20%20%20%20%200Redirectcharset=UTF-8%20%20%20%20%20%20%20%20%20%20%20%20%20%20200OK","1","Single Redirect","text/html; charset=utf-8","301","Moved Permanently","https://mashable.com/%20%20%20%20%20%20%20%20%20%20%20%20%20%20%20%20%20%20%20%20%20%20%20%200redirectcharset=utf-8%20%20%20%20%20%20%20%20%20%20%20%20%20%20200ok","text/html; charset=UTF-8","404","Not Found",""
"https://box.com/%20%20%20%20%20%20%20%20%20%20%20%20%20%20%20%20%20%20%20%20%20%20%20%20%20%20%20%20%20%20%20%20%20%20%20%20%201Redirectcharset=UTF-8%20%20%20%20%20%20%20%20%20%20%20%20%20%20301Permanently%20%20%20https://www.box.com/","1","Single Redirect","text/html; charset=UTF-8","301","Moved Permanently","https://www.box.com/%20%20%20%20%20%20%20%20%20%20%20%20%20%20%20%20%20%20%20%20%20%20%20%20%20%20%20%20%20%20%20%20%20%20%20%20%201Redirectcharset=UTF-8%20%20%20%20%20%20%20%20%20%20%20%20%20%20301Permanently%20%20%20https://www.box.com/","text/html; charset=UTF-8","403","Forbidden",""
"https://miro.com/%20%20%20%20%20%20%20%20%20%20%20%20%20%20%20%20%20%20%20%20%20%20%20%20%20%20%20%20%20%20%20%20%20%20%20%200Redirecttext/html%20%20%20%20%20%20%20%20%20%20%20%20%20%20%20%20%20%20200OK","1","Single Redirect","","308","Permanent Redirect","https://miro.com/%20%20%20%20%20%20%20%20%20%20%20%20%20%20%20%20%20%20%20%20%20%20%20%20%20%20%20%20%20%20%20%20%20%20%20%200Redirecttext/html%20%20%20%20%20%20%20%20%20%20%20%20%20%20%20%20%20%20200OK/","text/html; charset=utf-8","404","Not Found",""
"https://getpocket.com/explore%20%20%20%20%20%20%20%20%20%20%20%20%20%20%20%20%20%20%20%20%20%20%20%201Redirect%20%20%20%20%20%20%20%20%20%20%20%20%20%20%20%20%20%20%20%20%20%20%20%20%20%20%20307Redirect%20%20%20%20%20%20https://getpocket.com/home","0","No Redirect","text/html","503","Service Temporarily Unavailable",""
"https://toggl.com/track%20%20%20%20%20%20%20%20%20%20%20%20%20%20%20%20%20%20%20%20%20%20%20%20%20%20%20%20%20%201Redirecttext/html%20%20%20%20%20%20%20%20%20%20%20%20%20%20%20%20%20%20301Permanently%20%20%20https://toggl.com/","0","No Redirect","text/html","404","Not Found",""
"https://mattermost.com/%20%20%20%20%20%20%20%20%20%20%20%20%20%20%20%20%20%20%20%20%20%20%20%20%20%20%20%20%20%200Redirectcharset=UTF-8%20%20%20%20%20%20%20%20%20%20%20%20%20%20200OK","0","No Redirect","text/html; charset=UTF-8","404","Not Found",""
"https://asana.com/%20%20%20%20%20%20%20%20%20%20%20%20%20%20%20%20%20%20%20%20%20%20%20%20%20%20%20%20%20%20%20%20%20%20%200Redirecttext/html;%20charset=utf-8%20%20%20200OK","1","Single Redirect","","301","Moved Permanently","https://asana.com/%20%20%20%20%20%20%20%20%20%20%20%20%20%20%20%20%20%20%20%20%20%20%20%20%20%20%20%20%20%20%20%20%20%20%200redirecttext/html;%20charset=utf-8%20%20%20200ok","text/html; charset=utf-8","404","Not Found",""
"https://jpg.to/%20%20%20%20%20%20%20%20%20%20%20%20%20%20%20%20%20%20%20%20%20%20%20%20%20%20%20%20%20%20%20%20%20%20%20%20%20%201Redirecttext/html%20%20%20%20%20%20%20%20%20%20%20%20%20%20%20%20%20%20301Permanently%20%20%20https://www.jpg.to/","1","Single Redirect","text/html","301","Moved Permanently","https://www.jpg.to/%20%20%20%20%20%20%20%20%20%20%20%20%20%20%20%20%20%20%20%20%20%20%20%20%20%20%20%20%20%20%20%20%20%20%20%20%20%201Redirecttext/html%20%20%20%20%20%20%20%20%20%20%20%20%20%20%20%20%20%20301Permanently%20%20%20https://www.jpg.to/","text/html; charset=utf-8","404","Not Found",""
"https://doodle.com/%20%20%20%20%20%20%20%20%20%20%20%20%20%20%20%20%20%20%20%20%20%20%20%20%20%20%20%20%20%20%20%20%20%201Redirecttext/html%20%20%20%20%20%20%20%20%20%20%20%20%20%20%20%20%20%20302Found%20%20%20%20%20%20%20%20%20https://doodle.com/en/","1","Single Redirect","text/html; charset=utf-8","301","Moved Permanently","https://doodle.com/%2520%2520%2520%2520%2520%2520%2520%2520%2520%2520%2520%2520%2520%2520%2520%2520%2520%2520%2520%2520%2520%2520%2520%2520%2520%2520%2520%2520%2520%2520%2520%2520%2520%25201Redirecttext/html%2520%2520%2520%2520%2520%2520%2520%2520%2520%2520%2520%2520%2520%2520%2520%2520%2520%2520302Found%2520%2520%2520%2520%2520%2520%2520%2520%2520https:/doodle.com/en/","","404","Not Found",""
"https://spring.io/docs%20%20%20%20%20%20%20%20%20%20%20%20%20%20%20%20%20%20%200Redirecttext/html;%20charset=utf-8%20%20%20404Not%20Found","0","No Redirect","text/html; charset=utf-8","404","Not Found",""
"https://readwise.io/%20%20%20%20%20%20%20%20%20%20%20%20%20%20%20%20%20%20%20%20%20%20%20%20%20%20%20%20%20%20%20%20%200Redirecttext/html;%20charset=utf-8%20%20%20200OK","0","No Redirect","text/html; charset=utf-8","404","Not Found",""
"https://buffer.com/%20%20%20%20%20%20%20%20%20%20%20%20%20%20%20%20%20%20%20%20%20%200Redirecttext/html;%20charset=utf-8%20%20%20200OK","0","No Redirect","text/html; charset=utf-8","404","Not Found",""
"https://wired.com/%20%20%20%20%20%20%20%20%20%20%20%20%20%20%20%20%20%20%20%20%20%20%20%20%20%20%20%20%20%20%20%20%20%20%201Redirecttext/html%20%20%20%20%20%20%20%20%20%20%20%20%20%20%20%20%20%20301Permanently%20%20%20https://www.wired.com/","1","Single Redirect","text/html","301","Moved Permanently","https://www.wired.com/%20%20%20%20%20%20%20%20%20%20%20%20%20%20%20%20%20%20%20%20%20%20%20%20%20%20%20%20%20%20%20%20%20%20%201Redirecttext/html%20%20%20%20%20%20%20%20%20%20%20%20%20%20%20%20%20%20301Permanently%20%20%20https://www.wired.com/","text/html; charset=utf-8","404","Not Found",""
"https://ifttt.com/%20%20%20%20%20%20%20%20%20%20%20%20%20%20%20%20%20%20%20%20%20%20%200Redirecttext/html;%20charset=utf-8%20%20%20200OK","0","No Redirect","text/html; charset=utf-8","404","Not Found",""
"https://docs.djangoproject.com/%20%20%20%20%20%20%20%20%20%201Redirecttext/html;%20charset=utf-8%20%20%20302Found%20%20%20%20%20%20%20%20%20https://docs.djangoproject.com/en/6.0/","0","No Redirect","text/html; charset=utf-8","404","Not Found",""
"https://pdfcandy.com/%20%20%20%20%20%20%20%20%20%20%20%20%20%20%20%20%20%20%20%20%20%20%20%200Redirectcharset=UTF-8%20%20%20%20%20%20%20%20%20%20%20%20%20%20200OK","0","No Redirect","text/html; charset=UTF-8","404","Not Found",""
"https://startpage.com/%20%20%20%20%20%20%20%20%20%20%20%20%20%20%20%20%20%20%20%20%20%20%20%20%20%20%20%20%20%20%202Chain%20text/html%20%20%20%20%20%20%20%20%20%20%20%20%20%20%20%20%20%20%20%20303See%20Other%20%20%20%20%20https://www.startpage.com/","2","Redirect Chain","text/html","303","See Other","https://www.startpage.com/%20%20%20%20%20%20%20%20%20%20%20%20%20%20%20%20%20%20%20%20%20%20%20%20%20%20%20%20%20%20%202Chain%20text/html%20%20%20%20%20%20%20%20%20%20%20%20%20%20%20%20%20%20%20%20303See%20Other%20%20%20%20%20https://www.startpage.com/","text/html","303","See Other","https://www.startpage.com/notfound/","text/html","200","OK",""
"https://huggingface.co/spaces%20%20%20%20%20%20%20%20%20%20%20%200Redirecttext/html;%20charset=utf-8%20%20%20200OK","0","No Redirect","text/html; charset=utf-8","401","Unauthorized",""
"https://drive.google.com/%20%20%20%20%20%20%20%20%20%20%20%20%20%20%20%203Chain%20application/binary%20%20%20%20%20%20%20%20%20%20%20302Found%20%20%20%20%20%20%20%20%20service=wise&passive=1209600&osid=1&continue=https://drive.google.com/&followup=https://drive","0","No Redirect","text/html; charset=utf-8","404","Not Found",""
"https://slack.com/%20%20%20%20%20%20%20%20%20%20%20%20%20%20%20%20%20%20%20%20%20%20%20%20%20%20%20%20%20%20%20%20%20%20%200Redirecttext/html;%20charset=utf-8%20%20%20200OK","0","No Redirect","text/html; charset=utf-8","404","Not Found",""
"https://veed.io/%20%20%20%20%20%20%20%20%20%20%20%20%20%20%20%20%20%20%20%20%20%20%20%20%201Redirecttext/html%20%20%20%20%20%20%20%20%20%20%20%20%20%20%20%20%20%20301Permanently%20%20%20https://www.veed.io/","1","Single Redirect","text/html","301","Moved Permanently","https://www.veed.io/%20%20%20%20%20%20%20%20%20%20%20%20%20%20%20%20%20%20%20%20%20%20%20%20%201Redirecttext/html%20%20%20%20%20%20%20%20%20%20%20%20%20%20%20%20%20%20301Permanently%20%20%20https:/www.veed.io/","text/html","404","Not Found",""
"https://vimeo.com/%20%20%20%20%20%20%20%20%20%20%20%20%20%20%20%20%20%20%20%20%20%20%20%20%20%20%20%20%20%20%20%20%20%20%200Redirectcharset=UTF-8%20%20%20%20%20%20%20%20%20%20%20%20%20%20200OK","0","No Redirect","text/html; charset=UTF-8","404","Not Found",""
"https://docs.unrealengine.com/%20%20%20%20%20%20%20%20%20%20%200Redirectcharset=UTF-8%20%20%20%20%20%20%20%20%20%20%20%20%20%20403Forbidden","0","No Redirect","text/html; charset=UTF-8","403","Forbidden",""
"https://docs.python.org/%20%20%20%20%20%20%20%20%20%20%20%20%20%20%20%20%201Redirecttext/html%20%20%20%20%20%20%20%20%20%20%20%20%20%20%20%20%20%20302Temporarily%20%20%20https://docs.python.org/3/","0","No Redirect","text/html","404","Not Found",""
"https://later.com/%20%20%20%20%20%20%20%20%20%20%20%20%20%20%20%20%20%20%20%20%20%20%200Redirectcharset=UTF-8%20%20%20%20%20%20%20%20%20%20%20%20%20%20200OK","0","No Redirect","text/html; charset=utf-8","404","Not Found",""
"https://udemy.com/%20%20%20%20%20%20%20%20%20%20%20%20%20%20%20%20%20%20%20%20%20%20%201Redirecttext/html%20%20%20%20%20%20%20%20%20%20%20%20%20%20%20%20%20%20301Permanently%20%20%20https://www.udemy.com/","3","Redirect Loop","text/html","301","Moved Permanently, Redirect Loop","https://www.udemy.com/%20%20%20%20%20%20%20%20%20%20%20%20%20%20%20%20%20%20%20%20%20%20%201Redirecttext/html%20%20%20%20%20%20%20%20%20%20%20%20%20%20%20%20%20%20301Permanently%20%20%20https:/www.udemy.com/","text/html","301","Moved Permanently, Redirect Loop","https://udemy.com/%20%20%20%20%20%20%20%20%20%20%20%20%20%20%20%20%20%20%20%20%20%20%201Redirecttext/html%20%20%20%20%20%20%20%20%20%20%20%20%20%20%20%20%20%20301Permanently%20%20%20https:/www.udemy.com/","text/html","301","Moved Permanently, Redirect Loop","https://www.udemy.com/%20%20%20%20%20%20%20%20%20%20%20%20%20%20%20%20%20%20%20%20%20%20%201Redirecttext/html%20%20%20%20%20%20%20%20%20%20%20%20%20%20%20%20%20%20301Permanently%20%20%20https:/www.udemy.com/","","","",""
"https://clickup.com/%20%20%20%20%20%20%20%20%20%20%20%20%20%20%20%20%20%20%20%20%20%20%20%20%20%20%20%20%20%20%20%20%200Redirecttext/html%20%20%20%20%20%20%20%20%20%20%20%20%20%20%20%20%20%20200OK","0","No Redirect","text/html","403","Forbidden",""
"https://replit.com/%20%20%20%20%20%20%20%20%20%20%20%20%20%20%20%20%20%20%20%20%20%200Redirecttext/html;%20charset=utf-8%20%20%20200OK","0","No Redirect","text/html; charset=utf-8","404","Not Found",""
"https://dropbox.com/%20%20%20%20%20%20%20%20%20%20%20%20%20%20%20%20%20%20%20%20%20%20%20%20%20%20%20%20%20%20%20%20%201Redirect%20%20%20%20%20%20%20%20%20%20%20%20%20%20%20%20%20%20%20%20%20%20%20%20%20%20%20301Permanently%20%20%20https://www.dropbox.com/","1","Single Redirect","","301","Moved Permanently","https://www.dropbox.com/%20%20%20%20%20%20%20%20%20%20%20%20%20%20%20%20%20%20%20%20%20%20%20%20%20%20%20%20%20%20%20%20%201Redirect%20%20%20%20%20%20%20%20%20%20%20%20%20%20%20%20%20%20%20%20%20%20%20%20%20%20%20301Permanently%20%20%20https:/www.dropbox.com/","text/html","404","Not Found",""
"https://stackoverflow.com/%20%20%20%20%20%20%20%20%20%20%20%20%20%20%201Redirect%20%20%20%20%20%20%20%20%20%20%20%20%20%20%20%20%20%20%20%20%20%20%20%20%20%20%20302Found%20%20%20%20%20%20%20%20%20https://stackoverflow.com/questions","0","No Redirect","text/html; charset=utf-8","404","Not Found",""
"https://javascript.info/%20%20%20%20%20%20%20%20%20%20%20%20%20%20%20%20%200Redirecttext/html;%20charset=utf-8%20%20%20200OK","0","No Redirect","text/html; charset=utf-8","404","Not Found",""
"https://getpocket.com/%20%20%20%20%20%20%20%20%20%20%20%20%20%20%20%20%20%20%203Chain%20%20%20%20%20%20%20%20%20%20%20%20%20%20%20%20%20%20%20%20%20%20%20%20%20%20%20%20%20%20302Temporarily%20%20%20https://getpocket.com/en/","0","No Redirect","text/html","503","Service Temporarily Unavailable",""
"https://pdfsam.com/pdfsam-online%20%20%20%20%20%20%20%20%20%20%20%20%20%201Redirectcharset=UTF-8%20%20%20%20%20%20%20%20%20%20%20%20%20301Permanently%20%20%20%20https://pdfsam.com/","1","Single Redirect","text/html; charset=UTF-8","301","Moved Permanently","https://pdfsam.com/","text/html; charset=UTF-8","200","OK",""
"https://zapier.com/%20%20%20%20%20%20%20%20%20%20%20%20%20%20%20%20%20%20%20%20%20%200Redirecttext/html;%20charset=utf-8%20%20%20200OK","0","No Redirect","text/html; charset=utf-8","404","Not Found",""
"https://airtable.com/%20%20%20%20%20%20%20%20%20%20%20%20%20%20%20%20%20%20%20%201Redirect8%20%20%20%20%20%20%20%20%20%20%20%20%20%20%20%20%20%20%20%20%20%20%20%20%20%20301Permanently%20%20%20https://www.airtable.com/","1","Single Redirect","text/plain; charset=utf-8","301","Moved Permanently","https://airtable.com/%20%20%20%20%20%20%20%20%20%20%20%20%20%20%20%20%20%20%20%201Redirect8%20%20%20%20%20%20%20%20%20%20%20%20%20%20%20%20%20%20%20%20%20%20%20%20%20%20301Permanently%20%20%20https://www.airtable.com","text/html; charset=utf-8","404","Not Found",""
"https://kotlinlang.org/docs%20%20%20%20%20%20%20%20%20%20%20%20%20%201Redirect%20%20%20%20%20%20%20%20%20%20%20%20%20%20%20%20%20%20%20%20%20%20%20%20%20%20%20301Permanently%20%20%20https://kotlinlang.org/docs/","0","No Redirect","text/html; charset=utf-8","404","Not Found",""
"https://ads.pinterest.com/%20%20%20%20%20%20%20%20%20%20%20%20%20%20%200Redirecttext/html;%20charset=utf-8%20%20%20200OK","0","No Redirect","text/html; charset=utf-8","404","Not Found",""
"https://egghead.io/%20%20%20%20%20%20%20%20%20%20%20%20%20%20%20%20%20%20%20%20%20%200Redirecttext/html;%20charset=utf-8%20%20%20200OK","0","No Redirect","text/html; charset=utf-8","404","Not Found",""
"https://pdfcandy.com/desktop%20%20%20%20%20%20%20%20%20%20%20%20%20%20%20%20%20%20%20%20%20%20%20%20%200Redirectcharset=UTF-8%20%20%20%20%20%20%20%20%20%20%20%20%20%20404Not%20Found","0","No Redirect","text/html; charset=UTF-8","404","Not Found",""
"https://longform.org/%20%20%20%20%20%20%20%20%20%20%20%20%20%20%20%20%20%20%20%20%20%20%20%20%20%20%20%20%20%20%20%200Redirecttext/html;%20charset=utf-8%20%20%20200OK","0","No Redirect","text/html; charset=utf-8","404","Not Found",""
"https://git-scm.com/doc%20%20%20%20%20%20%20%20%20%20%20%20%20%20%20%20%20%200Redirecttext/html;%20charset=utf-8%20%20%20200OK","0","No Redirect","text/html; charset=utf-8","404","Not Found",""
"https://loom.com/%20%20%20%20%20%20%20%20%20%20%20%20%20%20%20%20%20%20%20%20%20%20%20%201Redirect%20%20%20%20%20%20%20%20%20%20%20%20%20%20%20%20%20%20%20%20%20%20%20%20%20%20%20301Permanently%20%20%20https://www.loom.com/","1","Single Redirect","","301","Moved Permanently","https://www.loom.com/%20%20%20%20%20%20%20%20%20%20%20%20%20%20%20%20%20%20%20%20%20%20%20%201Redirect%20%20%20%20%20%20%20%20%20%20%20%20%20%20%20%20%20%20%20%20%20%20%20%20%20%20%20301Permanently%20%20%20https://www.loom.com/","text/html; charset=utf-8","404","Not Found",""
"https://overapi.com/%20%20%20%20%20%20%20%20%20%20%20%20%20%20%20%20%20%20%20%20%200Redirecttext/html;%20charset=utf-8%20%20%20200OK","0","No Redirect","text/html; charset=utf-8","404","Not Found",""
"https://roadmap.sh/%20%20%20%20%20%20%20%20%20%20%20%20%20%20%20%20%20%20%20%20%20%200Redirecttext/html;%20charset=utf-8%20%20%20200OK","0","No Redirect","text/html; charset=utf-8","404","Not Found",""
"https://kapwing.com/%20%20%20%20%20%20%20%20%20%20%20%20%20%20%20%20%20%20%20%20%201Redirecttext/html%20%20%20%20%20%20%20%20%20%20%20%20%20%20%20%20%20%20301Permanently%20%20%20https://www.kapwing.com/","2","Redirect Chain","text/html","301","Moved Permanently","https://www.kapwing.com/%20%20%20%20%20%20%20%20%20%20%20%20%20%20%20%20%20%20%20%20%201Redirecttext/html%20%20%20%20%20%20%20%20%20%20%20%20%20%20%20%20%20%20301Permanently%20%20%20https:/www.kapwing.com/","text/plain; charset=utf-8","301","Moved Permanently","https://www.kapwing.com/%20%20%20%20%20%20%20%20%20%20%20%20%20%20%20%20%20%20%20%20%201Redirecttext/html%20%20%20%20%20%20%20%20%20%20%20%20%20%20%20%20%20%20301Permanently%20%20%20https:/www.kapwing.com","text/html; charset=utf-8","200","OK",""
"https://pcloud.com/%20%20%20%20%20%20%20%20%20%20%20%20%20%20%20%20%20%20%20%20%20%201Redirecttext/html%20%20%20%20%20%20%20%20%20%20%20%20%20%20%20%20%20%20301Permanently%20%20%20https://www.pcloud.com/","2","Redirect Chain","text/html","301","Moved Permanently","https://www.pcloud.com/%20%20%20%20%20%20%20%20%20%20%20%20%20%20%20%20%20%20%20%20%20%201Redirecttext/html%20%20%20%20%20%20%20%20%20%20%20%20%20%20%20%20%20%20301Permanently%20%20%20https://www.pcloud.com/","text/html","302","Found","https://www.pcloud.com/","text/html; charset=""UTF-8""","200","OK",""
"https://codecademy.com/%20%20%20%20%20%20%20%20%20%20%20%20%20%20%20%20%20%201Redirect%20%20%20%20%20%20%20%20%20%20%20%20%20%20%20%20%20%20%20%20%20%20%20%20%20%20%20301Permanently%20%20%20https://www.codecademy.com/","1","Single Redirect","","301","Moved Permanently","https://www.codecademy.com/%20%20%20%20%20%20%20%20%20%20%20%20%20%20%20%20%20%201Redirect%20%20%20%20%20%20%20%20%20%20%20%20%20%20%20%20%20%20%20%20%20%20%20%20%20%20%20301Permanently%20%20%20https:/www.codecademy.com/","text/html","404","Not Found",""
"https://css-tricks.com/%20%20%20%20%20%20%20%20%20%20%20%20%20%20%20%20%20%200Redirectcharset=UTF-8%20%20%20%20%20%20%20%20%20%20%20%20%20%20200OK","0","No Redirect","text/html; charset=UTF-8","404","Not Found",""
"https://linuxjourney.com/%20%20%20%20%20%20%20%20%20%20%20%20%20%20%20%201Redirecttext/html%20%20%20%20%20%20%20%20%20%20%20%20%20%20%20%20%20%20301Permanently%20%20%20https://labex.io/linuxjourney","0","No Redirect","text/html;charset=utf-8","404","Page not found: /%20%20%20%20%20%20%20%20%20%20%20%20%20%20%20%201Redirecttext/html%20%20%20%20%20%20%20%20%20%20%20%20%20%20%20%20%20%20301Permanently%20%20%20https://labex.io/linuxjourney",""
"https://convertpdf.tistory.com/%20%20%20%20%20%20%20%20%20%20%20%20%20%20%20%20%20%20%20%20%20%200Redirect8%20%20%20%20%20%20%20%20%20%20%20%20%20%20%20%20%20%20%20%20%20%20%20%20%20%20404","0","No Redirect","text/html;charset=UTF-8","404","",""
"https://pinboard.in/%20%20%20%20%20%20%20%20%20%20%20%20%20%20%20%20%20%20%20%20%200Redirectcharset=UTF-8%20%20%20%20%20%20%20%20%20%20%20%20%20%20200OK","0","No Redirect","text/html; charset=UTF-8","404","Not Found",""
"https://calendly.com/%20%20%20%20%20%20%20%20%20%20%20%20%20%20%20%20%20%20%20%20%20%20%20%20%20%20%20%20%20%20%20%200Redirecttext/html%20%20%20%20%20%20%20%20%20%20%20%20%20%20%20%20%20%20200OK","0","No Redirect","text/html","404","Not Found",""
"https://poweradspy.com/%20%20%20%20%20%20%20%20%20%20%20%20%20%20%20%20%20%200Redirectcharset=UTF-8%20%20%20%20%20%20%20%20%20%20%20%20%20%20403Forbidden","0","No Redirect","text/html; charset=UTF-8","403","Forbidden",""
"https://developer.android.com/%20%20%20%20%20%20%20%20%20%20%200Redirecttext/html;%20charset=utf-8%20%20%20200OK","0","No Redirect","text/html; charset=utf-8","404","Not Found",""
"https://docs.docker.com/%20%20%20%20%20%20%20%20%20%20%20%20%20%20%20%20%200Redirecttext/html%20%20%20%20%20%20%20%20%20%20%20%20%20%20%20%20%20%20200OK","0","No Redirect","text/html","404","Not Found",""
"https://techcrunch.com/%20%20%20%20%20%20%20%20%20%20%20%20%20%20%20%20%20%200Redirectcharset=UTF-8%20%20%20%20%20%20%20%20%20%20%20%20%20%20200OK","0","No Redirect","text/html; charset=UTF-8","404","Not Found",""
"https://kubernetes.io/docs%20%20%20%20%20%20%20%20%20%20%20%20%20%20%201Redirecttext/plain%20%20%20%20%20%20%20%20%20%20%20%20%20%20%20%20%20301Permanently%20%20%20https://kubernetes.io/docs/home/","0","No Redirect","text/html; charset=utf-8","404","Not Found",""
"https://annas-archive.org/%20%20%20%20%20%20%20%20%20%20%20%20%20%20%200Redirect%20%20%20%20%20%20%20%20%20%20%20%20%20%20%20%20%20%20%20%20%20%20%20%20%20%20%20%20%20%20%20Resolved","0","No Redirect","","","Name Not Resolved",""
"https://hyros.com/%20%20%20%20%20%20%20%20%20%20%20%20%20%20%20%20%20%20%20%20%20%20%200Redirecttext/html%20%20%20%20%20%20%20%20%20%20%20%20%20%20%20%20%20%20200OK","0","No Redirect","text/html","404","Not Found",""
"https://trafficstars.com/%20%20%20%20%20%20%20%20%20%20%20%20%20%20%20%200Redirectcharset=UTF-8%20%20%20%20%20%20%20%20%20%20%20%20%20%20200OK","0","No Redirect","text/html; charset=UTF-8","404","Not Found",""
"https://propellerads.com/%20%20%20%20%20%20%20%20%20%20%20%20%20%20%20%200Redirectcharset=UTF-8%20%20%20%20%20%20%20%20%20%20%20%20%20%20200OK","0","No Redirect","text/html; charset=UTF-8","404","Not Found",""
"https://ads.google.com/%20%20%20%20%20%20%20%20%20%20%20%20%20%20%20%20%20%202Chain%20application/binary%20%20%20%20%20%20%20%20%20%20%20302Found%20%20%20%20%20%20%20%20%20https://ads.google.com/intl/en_PT/home/","0","No Redirect","text/html; charset=utf-8","404","Not Found",""
"https://glitch.com/%20%20%20%20%20%20%20%20%20%20%20%20%20%20%20%20%20%20%20%20%20%201Redirect%20%20%20%20%20%20%20%20%20%20%20%20%20%20%20%20%20%20%20%20%20%20%20%20%20%20%20307redirect%20%20%20%20%20%20https://blog.glitch.com/","1","Single Redirect","","307","redirect","https://blog.glitch.com/","text/html","200","",""
"https://developer.apple.com/%20%20%20%20%20%20%20%20%20%20%20%20%200Redirecttext/html%20%20%20%20%20%20%20%20%20%20%20%20%20%20%20%20%20%20200OK","0","No Redirect","text/html; charset=UTF-8","404","Not Found",""
"https://gobyexample.com/%20%20%20%20%20%20%20%20%20%20%20%20%20%20%20%20%200Redirecttext/html%20%20%20%20%20%20%20%20%20%20%20%20%20%20%20%20%20%20200OK","0","No Redirect","text/html","404","Not Found",""
"https://keitaro.io/%20%20%20%20%20%20%20%20%20%20%20%20%20%20%20%20%20%20%20%20%20%201Redirecttext/html%20%20%20%20%20%20%20%20%20%20%20%20%20%20%20%20%20%20301Permanently%20%20%20https://keitaro.io/en/","0","No Redirect","text/html; charset=utf-8","404","Not Found",""
"https://newyorker.com/%20%20%20%20%20%20%20%20%20%20%20%20%20%20%20%20%20%20%20%20%20%20%20%20%20%20%20%20%20%20%201Redirecttext/html%20%20%20%20%20%20%20%20%20%20%20%20%20%20%20%20%20%20301Permanently%20%20%20https://www.newyorker.com/","1","Single Redirect","text/html","301","Moved Permanently","https://www.newyorker.com/%20%20%20%20%20%20%20%20%20%20%20%20%20%20%20%20%20%20%20%20%20%20%20%20%20%20%20%20%20%20%201Redirecttext/html%20%20%20%20%20%20%20%20%20%20%20%20%20%20%20%20%20%20301Permanently%20%20%20https://www.newyorker.com/","text/html; charset=utf-8","404","Not Found",""
"https://smashingmagazine.com/%20%20%20%20%20%20%20%20%20%20%20%201Redirect8%20%20%20%20%20%20%20%20%20%20%20%20%20%20%20%20%20%20%20%20%20%20%20%20%20%20301Permanently%20%20%20https://www.smashingmagazine.com/","1","Single Redirect","text/plain; charset=utf-8","301","Moved Permanently","https://www.smashingmagazine.com/%20%20%20%20%20%20%20%20%20%20%20%201Redirect8%20%20%20%20%20%20%20%20%20%20%20%20%20%20%20%20%20%20%20%20%20%20%20%20%20%20301Permanently%20%20%20https://www.smashingmagazine.com/","text/html; charset=utf-8","404","Not Found",""
"https://zamzar.com/%20%20%20%20%20%20%20%20%20%20%20%20%20%20%20%20%20%20%20%20%20%20%20%20%20%20%20%20%20%20%20%20%20%201Redirect8859-1%20%20%20%20%20%20%20%20%20%20%20%20%20%20%20%20%20%20%20%20%20301Permanently%20%20%20https://www.zamzar.com/","1","Single Redirect","text/html; charset=iso-8859-1","301","Moved Permanently","https://www.zamzar.com/%20%20%20%20%20%20%20%20%20%20%20%20%20%20%20%20%20%20%20%20%20%20%20%20%20%20%20%20%20%20%20%20%20%201Redirect8859-1%20%20%20%20%20%20%20%20%20%20%20%20%20%20%20%20%20%20%20%20%20301Permanently%20%20%20https://www.zamzar.com/","text/html; charset=UTF-8","403","Forbidden",""
"https://tutorialspoint.com/%20%20%20%20%20%20%20%20%20%20%20%20%20%201Redirect8859-1%20%20%20%20%20%20%20%20%20%20%20%20%20%20%20%20%20%20%20%20%20301Permanently%20%20%20https://www.tutorialspoint.com/","1","Single Redirect","text/html; charset=iso-8859-1","301","Moved Permanently","https://www.tutorialspoint.com/%20%20%20%20%20%20%20%20%20%20%20%20%20%201Redirect8859-1%20%20%20%20%20%20%20%20%20%20%20%20%20%20%20%20%20%20%20%20%20301Permanently%20%20%20https:/www.tutorialspoint.com/","text/html; charset=iso-8859-1","404","Not Found",""
"https://doc.rust-lang.org/book%20%20%20%20%20%20%20%20%20%20%202Chain%20text/html;%20charset=utf-8%20%20%20%20%20302Temporarily%20%20%20https://doc.rust-lang.org/doc/stable/book/","0","No Redirect","text/html","404","Not Found",""
"https://redtrack.io/%20%20%20%20%20%20%20%20%20%20%20%20%20%20%20%20%20%20%20%20%201Redirect%20%20%20%20%20%20%20%20%20%20%20%20%20%20%20%20%20%20%20%20%20%20%20%20%20%20%20%20301Permanently%20%20%20%20%20%20%20%20%20https://www.redtrack.io/","1","Single Redirect","","301","Moved Permanently","https://www.redtrack.io/%20%20%20%20%20%20%20%20%20%20%20%20%20%20%20%20%20%20%20%20%201Redirect%20%20%20%20%20%20%20%20%20%20%20%20%20%20%20%20%20%20%20%20%20%20%20%20%20%20%20%20301Permanently%20%20%20%20%20%20%20%20%20https://www.redtrack.io/","text/html; charset=UTF-8","403","Forbidden",""
"https://typeform.com/%20%20%20%20%20%20%20%20%20%20%20%20%20%20%20%20%20%20%20%201Redirect%20%20%20%20%20%20%20%20%20%20%20%20%20%20%20%20%20%20%20%20%20%20%20%20%20%20%20301Permanently%20%20%20https://www.typeform.com/","2","Redirect Chain","","301","Moved Permanently","https://www.typeform.com/%20%20%20%20%20%20%20%20%20%20%20%20%20%20%20%20%20%20%20%201Redirect%20%20%20%20%20%20%20%20%20%20%20%20%20%20%20%20%20%20%20%20%20%20%20%20%20%20%20301Permanently%20%20%20https://www.typeform.com/","","301","Moved Permanently","https://www.typeform.com/%20%20%20%20%20%20%20%20%20%20%20%20%20%20%20%20%20%20%20%201Redirect%20%20%20%20%20%20%20%20%20%20%20%20%20%20%20%20%20%20%20%20%20%20%20%20%20%20%20301Permanently%20%20%20https://www.typeform.com","text/html; charset=utf-8","404","Not Found",""
"https://learn.unity.com/%20%20%20%20%20%20%20%20%20%20%20%20%20%20%20%20%200Redirecttext/html;%20charset=utf-8%20%20%20200OK","0","No Redirect","text/html; charset=utf-8","404","Not Found",""
"https://manybooks.net/%20%20%20%20%20%20%20%20%20%20%20%20%20%20%20%20%20%20%200Redirectcharset=UTF-8%20%20%20%20%20%20%20%20%20%20%20%20%20%20%20403Forbidden","0","No Redirect","text/html; charset=UTF-8","403","Forbidden",""
"https://ruby-lang.org/en/documentation%20%20%202Chain%20text/html%20%20%20%20%20%20%20%20%20%20%20%20%20%20%20%20%20%20%20%20301Permanently%20%20%20https://www.ruby-lang.org/en/documentation","1","Single Redirect","text/html","301","Moved Permanently","https://www.ruby-lang.org/en/documentation%20%20%202Chain%20text/html%20%20%20%20%20%20%20%20%20%20%20%20%20%20%20%20%20%20%20%20301Permanently%20%20%20https://www.ruby-lang.org/en/documentation","text/html; charset=utf-8","404","Not Found",""
"https://apowersoft.com/free-online-video-converter%20%20%201Redirecttext/html%20%20%20%20%20%20%20%20%20%20%20%20%20%20%20%20%20%20301Permanently%20%20%20https://www.apowersoft.com/free-online-video-converter","1","Single Redirect","text/html","301","Moved Permanently","https://www.apowersoft.com/free-online-video-converter%20%20%201Redirecttext/html%20%20%20%20%20%20%20%20%20%20%20%20%20%20%20%20%20%20301Permanently%20%20%20https://www.apowersoft.com/free-online-video-converter","text/html; charset=UTF-8","404","Not Found",""
"https://monday.com/%20%20%20%20%20%20%20%20%20%20%20%20%20%20%20%20%20%20%20%20%20%20%20%20%20%20%20%20%20%20%20%20%20%200Redirecttext/html;%20charset=utf-8%20%20%20200OK","0","No Redirect","text/html; charset=utf-8","404","Not Found",""
"https://awesome.re/%20%20%20%20%20%20%20%20%20%20%20%20%20%20%20%20%20%20%20%20%20%201Redirect%20%20%20%20%20%20%20%20%20%20%20%20%20%20%20%20%20%20%20%20%20%20%20%20%20%20%20%20302Found%20%20%20%20%20%20%20%20%20%20%20%20%20%20%20https://github.com/sindresorhus/awesome#readme","0","No Redirect","text/html; charset=utf-8","404","Not Found",""
"https://instapaper.com/%20%20%20%20%20%20%20%20%20%20%20%20%20%20%20%20%20%200Redirectcharset=UTF-8%20%20%20%20%20%20%20%20%20%20%20%20%20%20200OK","0","No Redirect","text/html; charset=UTF-8","404","Not Found",""
"https://laravel.com/docs%20%20%20%20%20%20%20%20%20%20%20%20%20%20%20%20%201Redirecttext/html;%20charset=utf-8%20%20%20302Found%20%20%20%20%20%20%20%20%20https://laravel.com/docs/12.x","0","No Redirect","text/html; charset=utf-8","404","Not Found",""
"https://outbrain.com/%20%20%20%20%20%20%20%20%20%20%20%20%20%20%20%20%20%20%20%201Redirect%20%20%20%20%20%20%20%20%20%20%20%20%20%20%20%20%20%20%20%20%20%20%20%20%20%20%20%20301redirect%20%20%20%20%20%20%20%20%20%20%20%20https://www.outbrain.com/","1","Single Redirect","","301","redirect","https://www.outbrain.com/%20%20%20%20%20%20%20%20%20%20%20%20%20%20%20%20%20%20%20%201Redirect%20%20%20%20%20%20%20%20%20%20%20%20%20%20%20%20%20%20%20%20%20%20%20%20%20%20%20%20301redirect%20%20%20%20%20%20%20%20%20%20%20%20https://www.outbrain.com/","text/html; charset=utf-8","404","Not Found",""
"https://www.feedbooks.com/publicdomain%20%20%200Redirectcharset=UTF-8%20%20%20%20%20%20%20%20%20%20%20%20%20%20%20403Forbidden","0","No Redirect","text/html; charset=UTF-8","403","Forbidden",""
"https://pdfdrive.com/%20%20%20%20%20%20%20%20%20%20%20%20%20%20%20%20%20%20%20%200Redirect%20%20%20%20%20%20%20%20%20%20%20%20%20%20%20%20%20%20%20%20%20%20%20%20%20%20%20%20%20%20%20%20%20%20Secure%20Failure","0","No Redirect","","","Secure Failure",""
"https://www.europeana.eu/%20%20%20%20%20%20%20%20%20%20%20%20%20%20%20%200Redirectcharset=UTF-8%20%20%20%20%20%20%20%20%20%20%20%20%20%20%20403Forbidden","0","No Redirect","text/html; charset=UTF-8","403","Forbidden",""
"https://hilltopads.com/%20%20%20%20%20%20%20%20%20%20%20%20%20%20%20%20%20%200Redirectcharset=UTF-8%20%20%20%20%20%20%20%20%20%20%20%20%20%20%20200OK","0","No Redirect","text/html; charset=UTF-8","404","Page not found",""
"https://make.com/%20%20%20%20%20%20%20%20%20%20%20%20%20%20%20%20%20%20%20%20%20%20%20%202Chain%20text/html%20%20%20%20%20%20%20%20%20%20%20%20%20%20%20%20%20%20%20%20301Permanently%20%20%20https://www.make.com/","3","Redirect Chain","text/html","301","Moved Permanently","https://www.make.com/%20%20%20%20%20%20%20%20%20%20%20%20%20%20%20%20%20%20%20%20%20%20%20%202Chain%20text/html%20%20%20%20%20%20%20%20%20%20%20%20%20%20%20%20%20%20%20%20301Permanently%20%20%20https://www.make.com/","","308","Permanent Redirect","https://www.make.com/%20%20%20%20%20%20%20%20%20%20%20%20%20%20%20%20%20%20%20%20%20%20%20%202Chain%20text/html%20%20%20%20%20%20%20%20%20%20%20%20%20%20%20%20%20%20%20%20301Permanently%20%20%20https:/www.make.com/","","308","Permanent Redirect","https://www.make.com/%20%20%20%20%20%20%20%20%20%20%20%20%20%20%20%20%20%20%20%20%20%20%20%202Chain%20text/html%20%20%20%20%20%20%20%20%20%20%20%20%20%20%20%20%20%20%20%20301Permanently%20%20%20https:/www.make.com","text/html; charset=utf-8","404","Not Found",""
"https://sci-hub.se/%20%20%20%20%20%20%20%20%20%20%20%20%20%20%20%20%20%20%20%20%20%200Redirecttext/html%20%20%20%20%20%20%20%20%20%20%20%20%20%20%20%20%20%20%20451","0","No Redirect","text/html","451","",""
"https://ahrefs.com/%20%20%20%20%20%20%20%20%20%20%20%20%20%20%20%20%20%20%20%20%20%200Redirectcharset=UTF-8%20%20%20%20%20%20%20%20%20%20%20%20%20%20%20200OK","0","No Redirect","text/html; charset=UTF-8","404","Not Found",""
"https://quora.com/business/ads%20%20%20%20%20%20%20%20%20%20%201Redirecttext/html%20%20%20%20%20%20%20%20%20%20%20%20%20%20%20%20%20%20%20308Redirect%20%20%20%20%20%20%20%20%20%20%20%20https://www.quora.com/business/ads","1","Single Redirect","text/html","308","Permanent Redirect","https://www.quora.com/business/ads%20%20%20%20%20%20%20%20%20%20%201Redirecttext/html%20%20%20%20%20%20%20%20%20%20%20%20%20%20%20%20%20%20%20308Redirect%20%20%20%20%20%20%20%20%20%20%20%20https://www.quora.com/business/ads","text/html; charset=UTF-8","403","Forbidden",""
"https://wikisource.org/%20%20%20%20%20%20%20%20%20%20%20%20%20%20%20%20%20%200Redirecttext/plain%20%20%20%20%20%20%20%20%20%20%20%20%20%20%20%20%20%20403Forbidden","0","No Redirect","text/plain","403","Forbidden",""
"https://voluum.com/%20%20%20%20%20%20%20%20%20%20%20%20%20%20%20%20%20%20%20%20%20%200Redirectcharset=UTF-8%20%20%20%20%20%20%20%20%20%20%20%20%20%20%20200OK","0","No Redirect","text/html; charset=UTF-8","404","Not Found",""
"https://classicreader.com/%20%20%20%20%20%20%20%20%20%20%20%20%20%20%200Redirect%20%20%20%20%20%20%20%20%20%20%20%20%20%20%20%20%20%20%20%20%20%20%20%20%20%20%20%20%20%20%20%20%20%20Secure%20Failure","0","No Redirect","","","Secure Failure",""
"https://adsterra.com/%20%20%20%20%20%20%20%20%20%20%20%20%20%20%20%20%20%20%20%200Redirecttext/html%20%20%20%20%20%20%20%20%20%20%20%20%20%20%20%20%20%20%20200OK","1","Redirect Loop","text/html","301","Moved Permanently, Redirect Loop","https://adsterra.com/%20%20%20%20%20%20%20%20%20%20%20%20%20%20%20%20%20%20%20%200Redirecttext/html%20%20%20%20%20%20%20%20%20%20%20%20%20%20%20%20%20%20%20200OK","","","",""
"https://ads.reddit.com/%20%20%20%20%20%20%20%20%20%20%20%20%20%20%20%20%20%202Chain%20text/html;%20charset=utf-8%20%20%20%20%20%20302Found%20%20%20%20%20%20%20%20%20%20%20%20%20%20%20https://business.reddit.com/","0","No Redirect","text/plain; charset=utf-8","404","Not Found",""
"https://semrush.com/%20%20%20%20%20%20%20%20%20%20%20%20%20%20%20%20%20%20%20%20%201Redirecttext/html%20%20%20%20%20%20%20%20%20%20%20%20%20%20%20%20%20%20%20301Permanently%20%20%20%20%20%20%20%20%20https://www.semrush.com/","1","Single Redirect","text/html","301","Moved Permanently","https://www.semrush.com/%20%20%20%20%20%20%20%20%20%20%20%20%20%20%20%20%20%20%20%20%201Redirecttext/html%20%20%20%20%20%20%20%20%20%20%20%20%20%20%20%20%20%20%20301Permanently%20%20%20%20%20%20%20%20%20https:/www.semrush.com/","text/html; charset=utf-8","404","Not Found",""
"https://bemob.com/%20%20%20%20%20%20%20%20%20%20%20%20%20%20%20%20%20%20%20%20%20%20%200Redirectcharset=UTF-8%20%20%20%20%20%20%20%20%20%20%20%20%20%20%20200OK","0","No Redirect","text/html; charset=UTF-8","404","Not Found",""
"https://coursera.org/%20%20%20%20%20%20%20%20%20%20%20%20%20%20%20%20%20%20%20%201Redirect%20%20%20%20%20%20%20%20%20%20%20%20%20%20%20%20%20%20%20%20%20%20%20%20%20%20%20%20301Permanently%20%20%20%20%20%20%20%20%20https://www.coursera.org/","1","Single Redirect","","301","Moved Permanently","https://www.coursera.org/%20%20%20%20%20%20%20%20%20%20%20%20%20%20%20%20%20%20%20%201Redirect%20%20%20%20%20%20%20%20%20%20%20%20%20%20%20%20%20%20%20%20%20%20%20%20%20%20%20%20301Permanently%20%20%20%20%20%20%20%20%20https://www.coursera.org/","text/html","404","Not Found",""
"https://forbusiness.snapchat.com/%20%20%20%20%20%20%20%200Redirecttext/html;%20charset=utf-8%20%20%20200OK","2","Redirect Chain","text/plain; charset=utf-8","302","Found","https://forbusiness.snapchat.com/%20%20%20%20%20%20%20%200redirecttext/html;%20charset=utf-8%20%20%20200ok","text/plain; charset=utf-8","302","Found","https://forbusiness.snapchat.com/404","text/html; charset=utf-8","404","Not Found",""
"https://rescuetime.com/%20%20%20%20%20%20%20%20%20%20%20%20%20%20%20%20%20%201Redirecttext/html%20%20%20%20%20%20%20%20%20%20%20%20%20%20%20%20%20%20301Permanently%20%20%20https://www.rescuetime.com/","1","Single Redirect","text/html","301","Moved Permanently","https://www.rescuetime.com/%20%20%20%20%20%20%20%20%20%20%20%20%20%20%20%20%20%201Redirecttext/html%20%20%20%20%20%20%20%20%20%20%20%20%20%20%20%20%20%20301Permanently%20%20%20https://www.rescuetime.com/","text/html; charset=UTF-8","404","Not Found",""
"https://aconvert.com/%20%20%20%20%20%20%20%20%20%20%20%20%20%20%20%20%20%20%20%20%20%20%20%20%20%20%20%20%20%20%20%201Redirect8859-1%20%20%20%20%20%20%20%20%20%20%20%20%20%20%20%20%20%20%20%20%20301Permanently%20%20%20https://www.aconvert.com/","2","Redirect Chain","text/html; charset=iso-8859-1","301","Moved Permanently","https://www.aconvert.com/%20%20%20%20%20%20%20%20%20%20%20%20%20%20%20%20%20%20%20%20%20%20%20%20%20%20%20%20%20%20%20%201Redirect8859-1%20%20%20%20%20%20%20%20%20%20%20%20%20%20%20%20%20%20%20%20%20301Permanently%20%20%20https:/www.aconvert.com/","text/html; charset=iso-8859-1","302","Found","https://www.aconvert.com/missing.html","text/html","200","OK",""
"https://books.google.com/%20%20%20%20%20%20%20%20%20%20%20%20%20%20%20%200Redirectcharset=UTF-8%20%20%20%20%20%20%20%20%20%20%20%20%20%20%20200OK","0","No Redirect","text/html; charset=UTF-8","404","Not Found",""
"https://wikibooks.org/%20%20%20%20%20%20%20%20%20%20%20%20%20%20%20%20%20%20%200Redirecttext/plain%20%20%20%20%20%20%20%20%20%20%20%20%20%20%20%20%20%20403Forbidden","0","No Redirect","text/plain","403","Forbidden",""
"https://klaviyo.com/%20%20%20%20%20%20%20%20%20%20%20%20%20%20%20%20%20%20%20%20%201Redirect%20%20%20%20%20%20%20%20%20%20%20%20%20%20%20%20%20%20%20%20%20%20%20%20%20%20%20%20301Permanently%20%20%20%20%20%20%20%20%20https://www.klaviyo.com/","1","Single Redirect","","301","Moved Permanently","https://www.klaviyo.com/%20%20%20%20%20%20%20%20%20%20%20%20%20%20%20%20%20%20%20%20%201Redirect%20%20%20%20%20%20%20%20%20%20%20%20%20%20%20%20%20%20%20%20%20%20%20%20%20%20%20%20301Permanently%20%20%20%20%20%20%20%20%20https://www.klaviyo.com/","text/html; charset=UTF-8","403","Forbidden",""
"https://php.net/%20%20%20%20%20%20%20%20%20%20%20%20%20%20%20%20%20%20%20%20%20%20%20%20%201Redirecttext/html%20%20%20%20%20%20%20%20%20%20%20%20%20%20%20%20%20%20301Permanently%20%20%20https://www.php.net/","3","Redirect Chain","text/html","301","Moved Permanently","https://www.php.net/%20%20%20%20%20%20%20%20%20%20%20%20%20%20%20%20%20%20%20%20%20%20%20%20%201Redirecttext/html%20%20%20%20%20%20%20%20%20%20%20%20%20%20%20%20%20%20301Permanently%20%20%20https:/www.php.net/","text/html; charset=utf-8","302","Found","https://www.php.net/search.php?show=404quickref&lang=en&pattern=%20%20%20%20%20%20%20%20%20%20%20%20%20%20%20%20%20%20%20%20%20%20%20%20%201Redirecttext/html%20%20%20%20%20%20%20%20%20%20%20%20%20%20%20%20%20%20301Permanently%20%20%20https:/www.php.net/","text/html; charset=utf-8","302","Found","https://www.php.net/manual-lookup.php?pattern=+++++++++++++++++++++++++1Redirecttext%2Fhtml++++++++++++++++++301Permanently+++https%3A%2Fwww.php.net%2F&lang=en&scope=404quickref","text/html; charset=utf-8","404","Not Found",""
"https://instapage.com/%20%20%20%20%20%20%20%20%20%20%20%20%20%20%20%20%20%20%200Redirecttext/html%20%20%20%20%20%20%20%20%20%20%20%20%20%20%20%20%20%20%20200OK","1","Single Redirect","text/html","302","Found","https://instapage.com/lp","text/html; charset=utf-8","200","OK",""
"https://gallica.bnf.fr/%20%20%20%20%20%20%20%20%20%20%20%20%20%20%20%20%20%201Redirect%20%20%20%20%20%20%20%20%20%20%20%20%20%20%20%20%20%20%20%20%20%20%20%20%20%20%20%20302%20%20%20%20%20%20%20%20%20%20%20%20%20%20%20%20302https://gallica.bnf.fr/accueil/fr/html/accueil-fr","0","No Redirect","text/html;charset=utf-8","404","404",""
"https://novelupdates.com/%20%20%20%20%20%20%20%20%20%20%20%20%20%20%20%200Redirectcharset=UTF-8%20%20%20%20%20%20%20%20%20%20%20%20%20%20%20403Forbidden","0","No Redirect","text/html; charset=UTF-8","403","Forbidden",""
"https://scribblehub.com/%20%20%20%20%20%20%20%20%20%20%20%20%20%20%20%20%200Redirectcharset=UTF-8%20%20%20%20%20%20%20%20%20%20%20%20%20%20%20403Forbidden","0","No Redirect","text/html; charset=UTF-8","403","Forbidden",""
"https://moat.com/%20%20%20%20%20%20%20%20%20%20%20%20%20%20%20%20%20%20%20%20%20%20%20%200Redirecttext/html%20%20%20%20%20%20%20%20%20%20%20%20%20%20%20%20%20%20%20400Bad%20Request","0","No Redirect","text/html","400","Bad Request",""
"https://mailchimp.com/%20%20%20%20%20%20%20%20%20%20%20%20%20%20%20%20%20%20%201Redirectcharset=UTF-8%20%20%20%20%20%20%20%20%20%20%20%20%20%20%20302Temporarily%20%20%20%20%20%20%20%20%20https://mailchimp.com/pt-br/","0","No Redirect","text/html; charset=UTF-8","404","Not Found",""
"https://binom.org/%20%20%20%20%20%20%20%20%20%20%20%20%20%20%20%20%20%20%20%20%20%20%200Redirectcharset=UTF-8%20%20%20%20%20%20%20%20%20%20%20%20%20%20%20200OK","0","No Redirect","text/html; charset=iso-8859-1","404","Not Found",""
"https://smackjeevesarchive.com/%20%20%20%20%20%20%20%20%20%20%20%20%20%20%20%20%20%20%20%20%20%20%20%20%20%20%20%20%20%20%20%20%200Redirect%20%20%20%20%20%20%20%20%20%20%20%20%20%20%20%20%20%20%20%20%20%20%20%20%20%20%20%20%20%20Resolved","0","No Redirect","","","Name Not Resolved",""
"https://webnovel.com/%20%20%20%20%20%20%20%20%20%20%20%20%20%20%20%20%20%20%20%200Redirectcharset=UTF-8%20%20%20%20%20%20%20%20%20%20%20%20%20%20%20403Forbidden","0","No Redirect","text/html; charset=UTF-8","403","Forbidden",""
"https://inkitt.com/%20%20%20%20%20%20%20%20%20%20%20%20%20%20%20%20%20%20%20%20%20%200Redirectcharset=UTF-8%20%20%20%20%20%20%20%20%20%20%20%20%20%20%20403Forbidden","0","No Redirect","text/html; charset=UTF-8","403","Forbidden",""
"https://whatrunswhere.com/%20%20%20%20%20%20%20%20%20%20%20%20%20%20%200Redirect8%20%20%20%20%20%20%20%20%20%20%20%20%20%20%20%20%20%20%20%20%20%20%20%20%20%20%20503Unavailable","0","No Redirect","text/plain; charset=utf-8","503","Service Temporarily Unavailable",""
"https://filezigzag.com/%20%20%20%20%20%20%20%20%20%20%20%20%20%20%20%20%20%20%20%20%20%20%20%20%20%20%20%20%20%201Redirect8859-1%20%20%20%20%20%20%20%20%20%20%20%20%20%20%20%20%20%20%20%20%20301Permanently%20%20%20https://www.filezigzag.com/","1","Single Redirect","text/html; charset=iso-8859-1","301","Moved Permanently","https://www.filezigzag.com/%20%20%20%20%20%20%20%20%20%20%20%20%20%20%20%20%20%20%20%20%20%20%20%20%20%20%20%20%20%201Redirect8859-1%20%20%20%20%20%20%20%20%20%20%20%20%20%20%20%20%20%20%20%20%20301Permanently%20%20%20https:/www.filezigzag.com/","text/html; charset=UTF-8","404","Not Found",""
"https://cpvlab.pro/%20%20%20%20%20%20%20%20%20%20%20%20%20%20%20%20%20%20%20%20%20%200Redirectcharset=UTF-8%20%20%20%20%20%20%20%20%20%20%20%20%20%20%20200OK","0","No Redirect","text/html","404","Not Found",""
"https://jotform.com/%20%20%20%20%20%20%20%20%20%20%20%20%20%20%20%20%20%20%20%20%201Redirecttext/html%20%20%20%20%20%20%20%20%20%20%20%20%20%20%20%20%20%20%20301Permanently%20%20%20%20%20%20%20%20%20https://www.jotform.com/","1","Single Redirect","text/html","301","Moved Permanently","https://www.jotform.com/%20%20%20%20%20%20%20%20%20%20%20%20%20%20%20%20%20%20%20%20%201Redirecttext/html%20%20%20%20%20%20%20%20%20%20%20%20%20%20%20%20%20%20%20301Permanently%20%20%20%20%20%20%20%20%20https:/www.jotform.com/","text/html; charset=utf-8","404","Not Found",""
"https://sitepoint.com/%20%20%20%20%20%20%20%20%20%20%20%20%20%20%20%20%20%20%201Redirect%20%20%20%20%20%20%20%20%20%20%20%20%20%20%20%20%20%20%20%20%20%20%20%20%20%20%20%20301Permanently%20%20%20%20%20%20%20%20%20https://www.sitepoint.com/","1","Single Redirect","","301","Moved Permanently","https://www.sitepoint.com/%20%20%20%20%20%20%20%20%20%20%20%20%20%20%20%20%20%20%201Redirect%20%20%20%20%20%20%20%20%20%20%20%20%20%20%20%20%20%20%20%20%20%20%20%20%20%20%20%20301Permanently%20%20%20%20%20%20%20%20%20https://www.sitepoint.com/","text/html; charset=UTF-8","403","Forbidden",""
"https://neovel.io/%20%20%20%20%20%20%20%20%20%20%20%20%20%20%20%20%20%20%20%20%20%20%200Redirecttext/html%20%20%20%20%20%20%20%20%20%20%20%20%20%20%20%20%20%20%20403Forbidden","0","No Redirect","text/html","403","Forbidden",""
"https://vocal.media/%20%20%20%20%20%20%20%20%20%20%20%20%20%20%20%20%20%20%20%20%200Redirecttext/html;%20charset=utf-8%20%20%20200OK","0","No Redirect","text/html; charset=utf-8","404","Not Found",""
"https://hathitrust.org/%20%20%20%20%20%20%20%20%20%20%20%20%20%20%20%20%20%201Redirect%20%20%20%20%20%20%20%20%20%20%20%20%20%20%20%20%20%20%20%20%20%20%20%20%20%20%20%20301Permanently%20%20%20%20%20%20%20%20%20https://www.hathitrust.org/","1","Single Redirect","","301","Moved Permanently","https://www.hathitrust.org/%20%20%20%20%20%20%20%20%20%20%20%20%20%20%20%20%20%201Redirect%20%20%20%20%20%20%20%20%20%20%20%20%20%20%20%20%20%20%20%20%20%20%20%20%20%20%20%20301Permanently%20%20%20%20%20%20%20%20%20https:/www.hathitrust.org/","text/html; charset=UTF-8","403","Forbidden",""
"https://webp.to/%20%20%20%20%20%20%20%20%20%20%20%20%20%20%20%20%20%20%20%20%20%20%20%20%20%20%20%20%20%20%20%20%20%20%20%20%201Redirecttext/html%20%20%20%20%20%20%20%20%20%20%20%20%20%20%20%20%20%20301Permanently%20%20%20https://www.webp.to/","1","Single Redirect","text/html","301","Moved Permanently","https://www.webp.to/%20%20%20%20%20%20%20%20%20%20%20%20%20%20%20%20%20%20%20%20%20%20%20%20%20%20%20%20%20%20%20%20%20%20%20%20%201Redirecttext/html%20%20%20%20%20%20%20%20%20%20%20%20%20%20%20%20%20%20301Permanently%20%20%20https://www.webp.to/","text/html; charset=utf-8","404","Not Found",""
"https://gutenberg.org/%20%20%20%20%20%20%20%20%20%20%20%20%20%20%20%20%20%20%200Redirecttext/html%20%20%20%20%20%20%20%20%20%20%20%20%20%20%20%20%20%20%20200OK","0","No Redirect","text/html","404","Not Found",""
"https://unbounce.com/%20%20%20%20%20%20%20%20%20%20%20%20%20%20%20%20%20%20%20%200Redirectcharset=UTF-8%20%20%20%20%20%20%20%20%20%20%20%20%20%20%20200OK","1","Single Redirect","text/html","301","Moved Permanently","https://unbounce.com/%20%20%20%20%20%20%20%20%20%20%20%20%20%20%20%20%20%20%20%200Redirectcharset=UTF-8%20%20%20%20%20%20%20%20%20%20%20%20%20%20%20200OK/","text/html; charset=UTF-8","404","Not Found",""
"https://obooko.com/%20%20%20%20%20%20%20%20%20%20%20%20%20%20%20%20%20%20%20%20%20%20%20%20%20%20%20%20%20%20%20%20%20%20%20%20%20%20%20%20%20%20%20%20%200Redirectcharset=UTF-8%20%20%20%20%20%20%20%20%20%20%20%20%20%20403Forbidden","0","No Redirect","text/html; charset=UTF-8","403","Forbidden",""
"https://sync.com/%20%20%20%20%20%20%20%20%20%20%20%20%20%20%20%20%20%20%20%20%20%20%20%20%20%20%20%20%20%20%20%20%20%20%20%201Redirect%20%20%20%20%20%20%20%20%20%20%20%20%20%20%20%20%20%20%20%20%20%20%20%20%20%20%20301Permanently%20%20%20https://www.sync.com/","1","Single Redirect","","301","Moved Permanently","https://www.sync.com/%20%20%20%20%20%20%20%20%20%20%20%20%20%20%20%20%20%20%20%20%20%20%20%20%20%20%20%20%20%20%20%20%20%20%20%201Redirect%20%20%20%20%20%20%20%20%20%20%20%20%20%20%20%20%20%20%20%20%20%20%20%20%20%20%20301Permanently%20%20%20https:/www.sync.com/","application/json;charset=utf-8","400","Bad Request",""
"https://z-lib.org/%20%20%20%20%20%20%20%20%20%20%20%20%20%20%20%20%20%20%20%20%20%20%200Redirecttext/html%20%20%20%20%20%20%20%20%20%20%20%20%20%20%20%20%20%20%20403Forbidden","0","No Redirect","text/html","403","Forbidden",""
"https://linkedin.com/ads%20%20%20%20%20%20%20%20%20%20%20%20%20%20%20%20%203Chain%20%20%20%20%20%20%20%20%20%20%20%20%20%20%20%20%20%20%20%20%20%20%20%20%20%20%20%20%20%20%20301Permanently%20%20%20%20%20%20%20%20%20https://www.linkedin.com/ads","2","Redirect Chain","","301","Moved Permanently","https://www.linkedin.com/ads%20%20%20%20%20%20%20%20%20%20%20%20%20%20%20%20%203Chain%20%20%20%20%20%20%20%20%20%20%20%20%20%20%20%20%20%20%20%20%20%20%20%20%20%20%20%20%20%20%20301Permanently%20%20%20%20%20%20%20%20%20https://www.linkedin.com/ads","","302","Found","https://www.linkedin.com/campaignmanager","text/html","200","OK",""
"https://pluralsight.com/%20%20%20%20%20%20%20%20%20%20%20%20%20%20%20%20%201Redirecttext/html%20%20%20%20%20%20%20%20%20%20%20%20%20%20%20%20%20%20%20301Permanently%20%20%20%20%20%20%20%20%20https://www.pluralsight.com/","2","Redirect Chain","text/html","301","Moved Permanently","https://www.pluralsight.com/%20%20%20%20%20%20%20%20%20%20%20%20%20%20%20%20%201Redirecttext/html%20%20%20%20%20%20%20%20%20%20%20%20%20%20%20%20%20%20%20301Permanently%20%20%20%20%20%20%20%20%20https://www.pluralsight.com/","text/html; charset=iso-8859-1","301","Moved Permanently","https://www.pluralsight.com/%20%20%20%20%20%20%20%20%20%20%20%20%20%20%20%20%201Redirecttext/html%20%20%20%20%20%20%20%20%20%20%20%20%20%20%20%20%20%20%20301Permanently%20%20%20%20%20%20%20%20%20https:/www.pluralsight.com","text/html;charset=utf-8","404","Not Found",""
"https://adspy.com/%20%20%20%20%20%20%20%20%20%20%20%20%20%20%20%20%20%20%20%20%20%20%201Redirect%20%20%20%20%20%20%20%20%20%20%20%20%20%20%20%20%20%20%20%20%20%20%20%20%20%20%20%20301Permanently%20%20%20%20%20%20%20%20%20https://www.adspy.com/","3","Redirect Chain","","301","Moved Permanently","https://www.adspy.com/%20%20%20%20%20%20%20%20%20%20%20%20%20%20%20%20%20%20%20%20%20%20%201Redirect%20%20%20%20%20%20%20%20%20%20%20%20%20%20%20%20%20%20%20%20%20%20%20%20%20%20%20%20301Permanently%20%20%20%20%20%20%20%20%20https:/www.adspy.com/","text/html; charset=utf-8","302","Found","https://www.adspy.com/error.htm?x","text/html; charset=UTF-8","302","Found","https://www.adspy.com/404.aspx","text/html; charset=utf-8","404","Not Found",""
"https://booknet.com/%20%20%20%20%20%20%20%20%20%20%20%20%20%20%20%20%20%20%20%20%200Redirectcharset=UTF-8%20%20%20%20%20%20%20%20%20%20%20%20%20%20%20200OK","0","No Redirect","text/html; charset=UTF-8","404","Not Found",""
"https://allinpdf.com/%20%20%20%20%20%20%20%20%20%20%20%20%20%20%20%20%20%20%20%20%20%20%20%20%20%20%20%20%20%20%20%200Redirecttext/html;%20charset=utf-8%20%20%20200OK","1","Single Redirect","text/html; charset=utf-8","302","Found","https://allinpdf.com/info/exception-display?infoindex=404","text/html; charset=utf-8","200","OK",""
"https://bookboon.com/%20%20%20%20%20%20%20%20%20%20%20%20%20%20%20%20%20%20%20%200Redirectcharset=UTF-8%20%20%20%20%20%20%20%20%20%20%20%20%20%20%20200OK","0","No Redirect","text/html; charset=UTF-8","404","Not Found",""
"https://adroll.com/%20%20%20%20%20%20%20%20%20%20%20%20%20%20%20%20%20%20%20%20%20%201Redirect%20%20%20%20%20%20%20%20%20%20%20%20%20%20%20%20%20%20%20%20%20%20%20%20%20%20%20%20301Permanently%20%20%20%20%20%20%20%20%20https://www.adroll.com/","2","Redirect Chain","","301","Moved Permanently","https://www.adroll.com/%20%20%20%20%20%20%20%20%20%20%20%20%20%20%20%20%20%20%20%20%20%201Redirect%20%20%20%20%20%20%20%20%20%20%20%20%20%20%20%20%20%20%20%20%20%20%20%20%20%20%20%20301Permanently%20%20%20%20%20%20%20%20%20https://www.adroll.com/","text/html; charset=utf-8","301","Moved Permanently","https://www.adroll.com/%20%20%20%20%20%20%20%20%20%20%20%20%20%20%20%20%20%20%20%20%20%201Redirect%20%20%20%20%20%20%20%20%20%20%20%20%20%20%20%20%20%20%20%20%20%20%20%20%20%20%20%20301Permanently%20%20%20%20%20%20%20%20%20https:","text/html; charset=utf-8","404","Not Found",""
"https://nautil.us/%20%20%20%20%20%20%20%20%20%20%20%20%20%20%20%20%20%20%20%20%20%20%200Redirecttext/html;%20charset=utf-8%20%20%20%20200OK","0","No Redirect","text/html; charset=utf-8","404","Not Found",""
"https://activecampaign.com/%20%20%20%20%20%20%20%20%20%20%20%20%20%201Redirecttext/html%20%20%20%20%20%20%20%20%20%20%20%20%20%20%20%20%20%20%20301Permanently%20%20%20%20%20%20%20%20%20https://www.activecampaign.com/","2","Redirect Chain","text/html","301","Moved Permanently","https://www.activecampaign.com/%20%20%20%20%20%20%20%20%20%20%20%20%20%201Redirecttext/html%20%20%20%20%20%20%20%20%20%20%20%20%20%20%20%20%20%20%20301Permanently%20%20%20%20%20%20%20%20%20https:/www.activecampaign.com/","text/html","301","Moved Permanently","https://www.activecampaign.com/%20%20%20%20%20%20%20%20%20%20%20%20%20%201Redirecttext/html%20%20%20%20%20%20%20%20%20%20%20%20%20%20%20%20%20%20%20301Permanently%20%20%20%20%20%20%20%20%20https:/www.activecampaign.com","text/html; charset=UTF-8","404","Not Found",""
"https://standardebooks.org/%20%20%20%20%20%20%20%20%20%20%20%20%20%200%20%20%20%20%20%20%20%20%20%20%20%20%20%20%20%20%20%20%20%20%20%20%20%20%20%20%20%20%20%20%20%20%20%20%20%20200OK","0","No Redirect","application/xhtml+xml; charset=utf-8","404","Not Found",""
"https://clickfunnels.com/%20%20%20%20%20%20%20%20%20%20%20%20%20%20%20%201Redirecttext/html%20%20%20%20%20%20%20%20%20%20%20%20%20%20%20%20%20%20%20301Permanently%20%20%20%20%20%20%20%20%20https://www.clickfunnels.com/","1","Single Redirect","text/html","301","Moved Permanently","https://www.clickfunnels.com/%20%20%20%20%20%20%20%20%20%20%20%20%20%20%20%201Redirecttext/html%20%20%20%20%20%20%20%20%20%20%20%20%20%20%20%20%20%20%20301Permanently%20%20%20%20%20%20%20%20%20https:/www.clickfunnels.com/","text/html; charset=utf-8","404","Not Found",""
"https://frontendmasters.com/%20%20%20%20%20%20%20%20%20%20%20%20%200Redirecttext/html%20%20%20%20%20%20%20%20%20%20%20%20%20%20%20%20%20%20200OK","2","Redirect Chain","text/html","301","Moved Permanently","http://frontendmasters.com/%20%20%20%20%20%20%20%20%20%20%20%20%200Redirecttext/html%20%20%20%20%20%20%20%20%20%20%20%20%20%20%20%20%20%20200OK/","text/html","301","Moved Permanently","https://frontendmasters.com/%20%20%20%20%20%20%20%20%20%20%20%20%200Redirecttext/html%20%20%20%20%20%20%20%20%20%20%20%20%20%20%20%20%20%20200OK/","text/html","404","Not Found",""
"https://mgid.com/%20%20%20%20%20%20%20%20%20%20%20%20%20%20%20%20%20%20%20%20%20%20%20%201Redirecttext/html%20%20%20%20%20%20%20%20%20%20%20%20%20%20%20%20%20%20%20301Permanently%20%20%20%20%20%20%20%20%20https://www.mgid.com/","2","Redirect Chain","text/html","301","Moved Permanently","https://www.mgid.com/%20%20%20%20%20%20%20%20%20%20%20%20%20%20%20%20%20%20%20%20%20%20%20%201Redirecttext/html%20%20%20%20%20%20%20%20%20%20%20%20%20%20%20%20%20%20%20301Permanently%20%20%20%20%20%20%20%20%20https://www.mgid.com/","text/html","301","Moved Permanently","https://www.mgid.com/%20%20%20%20%20%20%20%20%20%20%20%20%20%20%20%20%20%20%20%20%20%20%20%201Redirecttext/html%20%20%20%20%20%20%20%20%20%20%20%20%20%20%20%20%20%20%20301Permanently%20%20%20%20%20%20%20%20%20https:/www.mgid.com","text/html; charset=utf-8","200","OK",""
"https://taboola.com/%20%20%20%20%20%20%20%20%20%20%20%20%20%20%20%20%20%20%20%20%201Redirect%20%20%20%20%20%20%20%20%20%20%20%20%20%20%20%20%20%20%20%20%20%20%20%20%20%20%20301Permanently%20%20%20https://www.taboola.com/","3","Redirect Chain","","301","Moved Permanently","https://www.taboola.com/%20%20%20%20%20%20%20%20%20%20%20%20%20%20%20%20%20%20%20%20%201Redirect%20%20%20%20%20%20%20%20%20%20%20%20%20%20%20%20%20%20%20%20%20%20%20%20%20%20%20301Permanently%20%20%20https://www.taboola.com/","text/html; charset=UTF-8","301","Moved Permanently","https://www.taboola.com/%20%20%20%20%20%20%20%20%20%20%20%20%20%20%20%20%20%20%20%20%201Redirect%20%20%20%20%20%20%20%20%20%20%20%20%20%20%20%20%20%20%20%20%20%20%20%20%20%20%20301Permanently%20%20%20https:/www.taboola.com/","text/html; charset=UTF-8","302","Found","https://www.taboola.com/page-not-found/?ref=%2F%2520%2520%2520%2520%2520%2520%2520%2520%2520%2520%2520%2520%2520%2520%2520%2520%2520%2520%2520%2520%25201Redirect%2520%2520%2520%2520%2520%2520%2520%2520%2520%2520%2520%2520%2520%2520%2520%2520%2520%2520%2520%2520%2520%2520%2520%2520%2520%2520%2520301Permanently%2520%2520%2520https%3A%2Fwww.taboola.com%2F","text/html; charset=UTF-8","404","Not Found",""
"https://improvely.com/%20%20%20%20%20%20%20%20%20%20%20%20%20%20%20%20%20%20%201Redirectcharset=UTF-8%20%20%20%20%20%20%20%20%20%20%20%20%20%20%20301Permanently%20%20%20%20%20%20%20%20%20https://www.improvely.com/","1","Single Redirect","text/html; charset=UTF-8","301","Moved Permanently","https://www.improvely.com/%20%20%20%20%20%20%20%20%20%20%20%20%20%20%20%20%20%20%201Redirectcharset=UTF-8%20%20%20%20%20%20%20%20%20%20%20%20%20%20%20301Permanently%20%20%20%20%20%20%20%20%20https://www.improvely.com/","text/html; charset=utf-8","404","Not Found",""
"https://wickedreports.com/%20%20%20%20%20%20%20%20%20%20%20%20%20%20%201Redirect%20%20%20%20%20%20%20%20%20%20%20%20%20%20%20%20%20%20%20%20%20%20%20%20%20%20%20%20301Permanently%20%20%20%20%20%20%20%20%20https://www.wickedreports.com/","1","Single Redirect","","301","Moved Permanently","https://www.wickedreports.com/%20%20%20%20%20%20%20%20%20%20%20%20%20%20%201Redirect%20%20%20%20%20%20%20%20%20%20%20%20%20%20%20%20%20%20%20%20%20%20%20%20%20%20%20%20301Permanently%20%20%20%20%20%20%20%20%20https://www.wickedreports.com/","application/json;charset=utf-8","400","Bad Request",""
"https://leadpages.com/%20%20%20%20%20%20%20%20%20%20%20%20%20%20%20%20%20%20%201Redirecttext/plain%20%20%20%20%20%20%20%20%20%20%20%20%20%20%20%20%20%20308Redirect%20%20%20%20%20%20%20%20%20%20%20%20https://www.leadpages.com/","3","Redirect Chain","text/plain","308","Permanent Redirect","https://leadpages.com/%20%20%20%20%20%20%20%20%20%20%20%20%20%20%20%20%20%20%201Redirecttext/plain%20%20%20%20%20%20%20%20%20%20%20%20%20%20%20%20%20%20308Redirect%20%20%20%20%20%20%20%20%20%20%20%20https:/www.leadpages.com/","text/plain","308","Permanent Redirect","https://www.leadpages.com/%20%20%20%20%20%20%20%20%20%20%20%20%20%20%20%20%20%20%201Redirecttext/plain%20%20%20%20%20%20%20%20%20%20%20%20%20%20%20%20%20%20308Redirect%20%20%20%20%20%20%20%20%20%20%20%20https:/www.leadpages.com/","text/plain","308","Permanent Redirect","https://www.leadpages.com/%20%20%20%20%20%20%20%20%20%20%20%20%20%20%20%20%20%20%201Redirecttext/plain%20%20%20%20%20%20%20%20%20%20%20%20%20%20%20%20%20%20308Redirect%20%20%20%20%20%20%20%20%20%20%20%20https:/www.leadpages.com","text/html; charset=utf-8","404","Not Found",""
"https://ads.microsoft.com/%20%20%20%20%20%20%20%20%20%20%20%20%20%20%200Redirecttext/html;%20charset=utf-8%20%20%20%20200OK","1","Single Redirect","text/html; charset=utf-8","302","Found","https://ads.microsoft.com/Error/PageNotFound?aspxerrorpath=%2f+++++++++++++++0Redirecttext%2fhtml%3b+charset%3dutf-8++++200OK&p=false&h=2bfpd","text/html; charset=utf-8","200","OK",""
"https://criteo.com/%20%20%20%20%20%20%20%20%20%20%20%20%20%20%20%20%20%20%20%20%20%201Redirectcharset=UTF-8%20%20%20%20%20%20%20%20%20%20%20%20%20%20301Permanently%20%20%20https://www.criteo.com/","3","Redirect Chain","text/html; charset=UTF-8","301","Moved Permanently","https://www.criteo.com/%20%20%20%20%20%20%20%20%20%20%20%20%20%20%20%20%20%20%20%20%20%201Redirectcharset=UTF-8%20%20%20%20%20%20%20%20%20%20%20%20%20%20301Permanently%20%20%20https://www.criteo.com/","text/html; charset=UTF-8","301","Moved Permanently","https://www.criteo.com/%20%20%20%20%20%20%20%20%20%20%20%20%20%20%20%20%20%20%20%20%20%201redirectcharset=utf-8%20%20%20%20%20%20%20%20%20%20%20%20%20%20301permanently%20%20%20https://www.criteo.com/","text/html; charset=UTF-8","301","Moved Permanently","https://www.criteo.com/%20%20%20%20%20%20%20%20%20%20%20%20%20%20%20%20%20%20%20%20%20%201redirectcharset=utf-8%20%20%20%20%20%20%20%20%20%20%20%20%20%20301permanently%20%20%20https:/www.criteo.com/","text/html; charset=UTF-8","404","Not Found",""
"https://hootsuite.com/%20%20%20%20%20%20%20%20%20%20%20%20%20%20%20%20%20%20%201Redirect%20%20%20%20%20%20%20%20%20%20%20%20%20%20%20%20%20%20%20%20%20%20%20%20%20%20%20301Permanently%20%20%20https://www.hootsuite.com/","3","Redirect Chain","text/html","301","Moved Permanently","https://hootsuite.com/%20%20%20%20%20%20%20%20%20%20%20%20%20%20%20%20%20%20%201Redirect%20%20%20%20%20%20%20%20%20%20%20%20%20%20%20%20%20%20%20%20%20%20%20%20%20%20%20301Permanently%20%20%20https:/www.hootsuite.com","text/html; charset=UTF-8","301","Moved Permanently","https://www.hootsuite.com/%20%20%20%20%20%20%20%20%20%20%20%20%20%20%20%20%20%20%201Redirect%20%20%20%20%20%20%20%20%20%20%20%20%20%20%20%20%20%20%20%20%20%20%20%20%20%20%20301Permanently%20%20%20https:/www.hootsuite.com","","308","Permanent Redirect","https://www.hootsuite.com/                   1redirect                           301permanently   https:/www.hootsuite.com","text/html; charset=utf-8","404","Not Found",""
"https://sendinblue.com/%20%20%20%20%20%20%20%20%20%20%20%20%20%20%20%20%20%202Chain%20text/html%20%20%20%20%20%20%20%20%20%20%20%20%20%20%20%20%20%20%20%20%20301Permanently%20%20%20%20%20%20%20%20%20https://www.sendinblue.com/","3","Redirect Chain","text/html","301","Moved Permanently","https://www.sendinblue.com/%20%20%20%20%20%20%20%20%20%20%20%20%20%20%20%20%20%202Chain%20text/html%20%20%20%20%20%20%20%20%20%20%20%20%20%20%20%20%20%20%20%20%20301Permanently%20%20%20%20%20%20%20%20%20https:/www.sendinblue.com/","text/html","301","Moved Permanently","https://www.brevo.com/%20%20%20%20%20%20%20%20%20%20%20%20%20%20%20%20%20%202Chain%20text/html%20%20%20%20%20%20%20%20%20%20%20%20%20%20%20%20%20%20%20%20%20301Permanently%20%20%20%20%20%20%20%20%20https:/www.sendinblue.com/","","308","Permanent Redirect","https://www.brevo.com/%20%20%20%20%20%20%20%20%20%20%20%20%20%20%20%20%20%202Chain%20text/html%20%20%20%20%20%20%20%20%20%20%20%20%20%20%20%20%20%20%20%20%20301Permanently%20%20%20%20%20%20%20%20%20https:/www.sendinblue.com","text/html; charset=UTF-8","404","Not Found",""
"https://revcontent.com/%20%20%20%20%20%20%20%20%20%20%20%20%20%20%20%20%20%201Redirecttext/html%20%20%20%20%20%20%20%20%20%20%20%20%20%20%20%20%20%20%20301Permanently%20%20%20%20%20%20%20%20%20https://www.revcontent.com/","1","Single Redirect","text/html","301","Moved Permanently","https://www.revcontent.com/%20%20%20%20%20%20%20%20%20%20%20%20%20%20%20%20%20%201Redirecttext/html%20%20%20%20%20%20%20%20%20%20%20%20%20%20%20%20%20%20%20301Permanently%20%20%20%20%20%20%20%20%20https://www.revcontent.com/","text/html; charset=UTF-8","404","Not Found",""
"https://hubspot.com/%20%20%20%20%20%20%20%20%20%20%20%20%20%20%20%20%20%20%20%20%201Redirecttext/html%20%20%20%20%20%20%20%20%20%20%20%20%20%20%20%20%20%20%20301Permanently%20%20%20%20%20%20%20%20%20https://www.hubspot.com/","1","Single Redirect","text/html","301","Moved Permanently","https://www.hubspot.com/%20%20%20%20%20%20%20%20%20%20%20%20%20%20%20%20%20%20%20%20%201Redirecttext/html%20%20%20%20%20%20%20%20%20%20%20%20%20%20%20%20%20%20%20301Permanently%20%20%20%20%20%20%20%20%20https:/www.hubspot.com/","text/html;charset=utf-8","400","Bad Request",""
"https://www.planetebook.com/%20%20%20%20%20%20%20%20%20%20%20%20%200Redirectcharset=UTF-8%20%20%20%20%20%20%20%20%20%20%20%20%20%20%20200OK","0","No Redirect","text/html; charset=UTF-8","404","Not Found",""
"https://figma.com/%20%20%20%20%20%20%20%20%20%20%20%20%20%20%20%20%20%20%20%20%20%20%201Redirect%20%20%20%20%20%20%20%20%20%20%20%20%20%20%20%20%20%20%20%20%20%20%20%20%20%20%20301Permanently%20%20%20https://www.figma.com/","3","Redirect Chain","","301","Moved Permanently","https://www.figma.com/%20%20%20%20%20%20%20%20%20%20%20%20%20%20%20%20%20%20%20%20%20%20%201Redirect%20%20%20%20%20%20%20%20%20%20%20%20%20%20%20%20%20%20%20%20%20%20%20%20%20%20%20301Permanently%20%20%20https://www.figma.com/","text/plain; charset=utf-8","308","Permanent Redirect","https://www.figma.com/%20%20%20%20%20%20%20%20%20%20%20%20%20%20%20%20%20%20%20%20%20%20%201Redirect%20%20%20%20%20%20%20%20%20%20%20%20%20%20%20%20%20%20%20%20%20%20%20%20%20%20%20301Permanently%20%20%20https:/www.figma.com/","text/plain; charset=utf-8","308","Permanent Redirect","https://www.figma.com/%20%20%20%20%20%20%20%20%20%20%20%20%20%20%20%20%20%20%20%20%20%20%201Redirect%20%20%20%20%20%20%20%20%20%20%20%20%20%20%20%20%20%20%20%20%20%20%20%20%20%20%20301Permanently%20%20%20https:/www.figma.com","text/html; charset=utf-8","404","Not Found",""
"https://ebooks-bnr.com/%20%20%20%20%20%20%20%20%20%20%20%20%20%20%20%20%20%20%20%20%20%20%20%20%20%20%20%20%20%20%20%20%20%20%20%20%20%20%20%20%200Redirecttext/html;%20charset=utf-8%20%20%20200OK","0","No Redirect","text/html; charset=UTF-8","404","Not Found",""
"https://mediumish.com/%20%20%20%20%20%20%20%20%20%20%20%20%20%20%20%20%20%20%20%20%20%20%20%20%20%20%20%20%20%20%20%20%20%20%20%20%20%20%20%20%20%200Redirect%20%20%20%20%20%20%20%20%20%20%20%20%20%20%20%20%20%20%20%20%20%20%20%20%20%20%20%20%20%20Cannot%20Connect","0","No Redirect","","","Cannot Connect",""
"https://archive.org/details/texts%20%20%20%20%20%20%20%20%20%20%20%20%20%20%20%20%20%20%20%20%20%20%20%20%20%20%20%20%20%20%200Redirectcharset=UTF-8%20%20%20%20%20%20%20%20%20%20%20%20%20%20200OK","0","No Redirect","text/html; charset=UTF-8","404","Not Found",""
"https://archiveofourown.org/%20%20%20%20%20%20%20%20%20%20%20%20%200Redirecttext/html;%20charset=utf-8%20%20%20%20200OK","0","No Redirect","text/html; charset=utf-8","404","Not Found",""
"https://mipdf.com/%20%20%20%20%20%20%20%20%20%20%20%20%20%20%20%20%20%20%20%20%20%20%20%20%20%20%20%20%20%20%20%20%20%20%200Redirecttext/html%20%20%20%20%20%20%20%20%20%20%20%20%20%20%20%20%20%20403Forbidden","0","No Redirect","","","Timeout",""
